normal_time,abnormal_time,result_list,inject_time,inject_pod,inject_type,root_cause
2022-08-22 03:51,2022-08-22 03:54,"[{'events': '76_4', 'score': 1.0, 'deepth': 1, 'pod': 'frontend-579b9bff58-t2dbm', 'resource_alert': 'CpuUsageRate(%)', 'events_actual': '76_197'}]",2022-08-22 03:53:54,frontend-579b9bff58-t2dbm,cpu_contention,['CpuUsageRate(%)']
2022-08-22 03:51,2022-08-22 03:55,"[{'events': '76_4', 'score': 1.0, 'deepth': 1, 'pod': 'frontend-579b9bff58-t2dbm', 'resource_alert': 'CpuUsageRate(%)', 'events_actual': '76_197'}, {'events': '104_106', 'score': 0.7028169014084507, 'deepth': 2, 'pod': 'currencyservice-cf787dd48-vpjrd'}]",2022-08-22 03:53:54,frontend-579b9bff58-t2dbm,cpu_contention,['CpuUsageRate(%)']
2022-08-22 03:51,2022-08-22 04:03,"[{'events': '120_198', 'score': 1.0, 'deepth': 4, 'pod': 'adservice-5f6585d649-fnmft', 'resource_alert': 'MemoryUsageRate(%)'}, {'events': '27_26', 'score': 1.0, 'deepth': 4, 'pod': 'adservice-5f6585d649-fnmft', 'resource_alert': 'MemoryUsageRate(%)'}, {'events': '28_119', 'score': 1.0, 'deepth': 4, 'pod': 'adservice-5f6585d649-fnmft', 'resource_alert': 'MemoryUsageRate(%)'}, {'events': '28_120', 'score': 1.0, 'deepth': 4, 'pod': 'adservice-5f6585d649-fnmft', 'resource_alert': 'MemoryUsageRate(%)'}, {'events': '18_78', 'score': 1.0, 'deepth': 1, 'pod': 'frontend-579b9bff58-t2dbm', 'events_actual': '18_191'}, {'events': '18_17', 'score': 1.0, 'deepth': 1, 'pod': 'frontend-579b9bff58-t2dbm', 'events_actual': '18_191'}, {'events': '18_80', 'score': 1.0, 'deepth': 1, 'pod': 'frontend-579b9bff58-t2dbm', 'events_actual': '18_191'}, {'events': '18_82', 'score': 1.0, 'deepth': 1, 'pod': 'frontend-579b9bff58-t2dbm', 'events_actual': '18_191'}, {'events': '18_84', 'score': 1.0, 'deepth': 1, 'pod': 'frontend-579b9bff58-t2dbm', 'events_actual': '18_191'}, {'events': '18_86', 'score': 1.0, 'deepth': 1, 'pod': 'frontend-579b9bff58-t2dbm', 'events_actual': '18_191'}]",2022-08-22 04:02:07,frontend-579b9bff58-t2dbm,return,"['Serving product page started', 'GetProduct start']"
2022-08-22 03:51,2022-08-22 04:04,"[{'events': '120_198', 'score': 1.0, 'deepth': 4, 'pod': 'adservice-5f6585d649-fnmft', 'resource_alert': 'MemoryUsageRate(%)'}, {'events': '27_26', 'score': 1.0, 'deepth': 4, 'pod': 'adservice-5f6585d649-fnmft', 'resource_alert': 'MemoryUsageRate(%)'}, {'events': '28_119', 'score': 1.0, 'deepth': 4, 'pod': 'adservice-5f6585d649-fnmft', 'resource_alert': 'MemoryUsageRate(%)'}, {'events': '28_120', 'score': 1.0, 'deepth': 4, 'pod': 'adservice-5f6585d649-fnmft', 'resource_alert': 'MemoryUsageRate(%)'}, {'events': '18_78', 'score': 1.0, 'deepth': 1, 'pod': 'frontend-579b9bff58-t2dbm', 'events_actual': '18_191'}, {'events': '18_17', 'score': 1.0, 'deepth': 1, 'pod': 'frontend-579b9bff58-t2dbm', 'events_actual': '18_191'}, {'events': '18_80', 'score': 1.0, 'deepth': 1, 'pod': 'frontend-579b9bff58-t2dbm', 'events_actual': '18_191'}, {'events': '18_82', 'score': 1.0, 'deepth': 1, 'pod': 'frontend-579b9bff58-t2dbm', 'events_actual': '18_191'}, {'events': '18_84', 'score': 1.0, 'deepth': 1, 'pod': 'frontend-579b9bff58-t2dbm', 'events_actual': '18_191'}, {'events': '18_86', 'score': 1.0, 'deepth': 1, 'pod': 'frontend-579b9bff58-t2dbm', 'events_actual': '18_191'}]",2022-08-22 04:02:07,frontend-579b9bff58-t2dbm,return,"['Serving product page started', 'GetProduct start']"
2022-08-22 03:51,2022-08-22 04:11,"[{'events': '76_4', 'score': 1.0, 'deepth': 1, 'pod': 'frontend-579b9bff58-t2dbm', 'resource_alert': 'CpuUsageRate(%)', 'events_actual': '76_197'}]",2022-08-22 04:10:20,frontend-579b9bff58-t2dbm,cpu_consumed,['CpuUsageRate(%)']
2022-08-22 03:51,2022-08-22 04:12,"[{'events': '76_4', 'score': 1.0, 'deepth': 1, 'pod': 'frontend-579b9bff58-t2dbm', 'resource_alert': 'CpuUsageRate(%)', 'events_actual': '76_197'}, {'events': '24_100', 'score': 0.75, 'deepth': 3, 'pod': 'currencyservice-cf787dd48-vpjrd'}]",2022-08-22 04:10:20,frontend-579b9bff58-t2dbm,cpu_consumed,['CpuUsageRate(%)']
2022-08-22 03:51,2022-08-22 04:19,"[{'events': '50_49', 'score': 0.8181818181818182, 'deepth': 1, 'pod': 'frontend-579b9bff58-t2dbm', 'events_actual': '50_139'}]",2022-08-22 04:18:35,frontend-579b9bff58-t2dbm,exception,"['Placing order started', 'Order placed complete']"
2022-08-22 03:51,2022-08-22 04:20,"[{'events': '50_49', 'score': 1.0, 'deepth': 1, 'pod': 'frontend-579b9bff58-t2dbm', 'events_actual': '50_139'}]",2022-08-22 04:18:35,frontend-579b9bff58-t2dbm,exception,"['Placing order started', 'Order placed complete']"
2022-08-22 03:51,2022-08-22 04:28,"[{'events': '102_25', 'score': 1.0, 'deepth': 6, 'pod': 'cartservice-579f59597d-wc2lz', 'events_actual': '102_199'}, {'events': '183_75', 'score': 1.0, 'deepth': 5, 'pod': 'cartservice-579f59597d-wc2lz', 'events_actual': '183_199'}, {'events': '169_5', 'score': 1.0, 'deepth': 2, 'pod': 'cartservice-579f59597d-wc2lz', 'events_actual': '169_199'}]",2022-08-22 04:27:03,cartservice-579f59597d-wc2lz,network_delay,['NetworkP90(ms)']
2022-08-22 03:51,2022-08-22 04:29,"[{'events': '102_25', 'score': 1.0, 'deepth': 6, 'pod': 'cartservice-579f59597d-wc2lz', 'events_actual': '102_199'}, {'events': '183_75', 'score': 1.0, 'deepth': 5, 'pod': 'cartservice-579f59597d-wc2lz', 'events_actual': '183_199'}, {'events': '24_100', 'score': 1.0, 'deepth': 3, 'pod': 'currencyservice-cf787dd48-vpjrd'}, {'events': '169_5', 'score': 1.0, 'deepth': 2, 'pod': 'cartservice-579f59597d-wc2lz', 'events_actual': '169_199'}]",2022-08-22 04:27:03,cartservice-579f59597d-wc2lz,network_delay,['NetworkP90(ms)']
2022-08-22 03:51,2022-08-22 04:37,"[{'events': '102_25', 'score': 1.0, 'deepth': 6, 'pod': 'cartservice-579f59597d-wc2lz', 'resource_alert': 'CpuUsageRate(%)', 'events_actual': '102_197'}, {'events': '183_75', 'score': 1.0, 'deepth': 5, 'pod': 'cartservice-579f59597d-wc2lz', 'resource_alert': 'CpuUsageRate(%)', 'events_actual': '183_197'}, {'events': '169_5', 'score': 1.0, 'deepth': 2, 'pod': 'cartservice-579f59597d-wc2lz', 'resource_alert': 'CpuUsageRate(%)', 'events_actual': '169_197'}]",2022-08-22 04:36:03,cartservice-579f59597d-wc2lz,cpu_contention,['CpuUsageRate(%)']
2022-08-22 03:51,2022-08-22 04:38,"[{'events': '102_25', 'score': 1.0, 'deepth': 6, 'pod': 'cartservice-579f59597d-wc2lz', 'resource_alert': 'CpuUsageRate(%)', 'events_actual': '102_197'}, {'events': '183_75', 'score': 1.0, 'deepth': 5, 'pod': 'cartservice-579f59597d-wc2lz', 'resource_alert': 'CpuUsageRate(%)', 'events_actual': '183_197'}, {'events': '169_5', 'score': 1.0, 'deepth': 2, 'pod': 'cartservice-579f59597d-wc2lz', 'resource_alert': 'CpuUsageRate(%)', 'events_actual': '169_197'}]",2022-08-22 04:36:03,cartservice-579f59597d-wc2lz,cpu_contention,['CpuUsageRate(%)']
2022-08-22 03:51,2022-08-22 04:45,"[{'events': '165_48', 'score': 1.0, 'deepth': 5, 'pod': 'paymentservice-9cdb6588f-554sm', 'events_actual': '165_199'}, {'events': '158_65', 'score': 1.0, 'deepth': 4, 'pod': 'checkoutservice-578fcf4766-9csqn', 'resource_alert': 'CpuUsageRate(%)', 'events_actual': '158_197'}, {'events': '154_71', 'score': 1.0, 'deepth': 4, 'pod': 'checkoutservice-578fcf4766-9csqn', 'resource_alert': 'CpuUsageRate(%)', 'events_actual': '154_197'}, {'events': '156_69', 'score': 1.0, 'deepth': 4, 'pod': 'checkoutservice-578fcf4766-9csqn', 'resource_alert': 'CpuUsageRate(%)', 'events_actual': '156_197'}, {'events': '160_67', 'score': 1.0, 'deepth': 4, 'pod': 'checkoutservice-578fcf4766-9csqn', 'resource_alert': 'CpuUsageRate(%)', 'events_actual': '160_197'}, {'events': '152_72', 'score': 1.0, 'deepth': 3, 'pod': 'checkoutservice-578fcf4766-9csqn', 'resource_alert': 'CpuUsageRate(%)', 'events_actual': '152_197'}, {'events': '162_62', 'score': 1.0, 'deepth': 3, 'pod': 'checkoutservice-578fcf4766-9csqn', 'resource_alert': 'CpuUsageRate(%)', 'events_actual': '162_197'}, {'events': '177_59', 'score': 1.0, 'deepth': 3, 'pod': 'checkoutservice-578fcf4766-9csqn', 'resource_alert': 'CpuUsageRate(%)', 'events_actual': '177_197'}, {'events': '179_57', 'score': 1.0, 'deepth': 3, 'pod': 'checkoutservice-578fcf4766-9csqn', 'resource_alert': 'CpuUsageRate(%)', 'events_actual': '179_197'}, {'events': '181_55', 'score': 1.0, 'deepth': 3, 'pod': 'checkoutservice-578fcf4766-9csqn', 'resource_alert': 'CpuUsageRate(%)', 'events_actual': '181_197'}]",2022-08-22 04:44:16,checkoutservice-578fcf4766-9csqn,cpu_contention,['CpuUsageRate(%)']
2022-08-22 03:51,2022-08-22 04:46,"[{'events': '158_65', 'score': 1.0, 'deepth': 4, 'pod': 'checkoutservice-578fcf4766-9csqn', 'resource_alert': 'CpuUsageRate(%)', 'events_actual': '158_197'}, {'events': '154_71', 'score': 1.0, 'deepth': 4, 'pod': 'checkoutservice-578fcf4766-9csqn', 'resource_alert': 'CpuUsageRate(%)', 'events_actual': '154_197'}, {'events': '156_69', 'score': 1.0, 'deepth': 4, 'pod': 'checkoutservice-578fcf4766-9csqn', 'resource_alert': 'CpuUsageRate(%)', 'events_actual': '156_197'}, {'events': '160_67', 'score': 1.0, 'deepth': 4, 'pod': 'checkoutservice-578fcf4766-9csqn', 'resource_alert': 'CpuUsageRate(%)', 'events_actual': '160_197'}, {'events': '152_72', 'score': 1.0, 'deepth': 3, 'pod': 'checkoutservice-578fcf4766-9csqn', 'resource_alert': 'CpuUsageRate(%)', 'events_actual': '152_197'}, {'events': '162_62', 'score': 1.0, 'deepth': 3, 'pod': 'checkoutservice-578fcf4766-9csqn', 'resource_alert': 'CpuUsageRate(%)', 'events_actual': '162_197'}, {'events': '177_59', 'score': 1.0, 'deepth': 3, 'pod': 'checkoutservice-578fcf4766-9csqn', 'resource_alert': 'CpuUsageRate(%)', 'events_actual': '177_197'}, {'events': '179_57', 'score': 1.0, 'deepth': 3, 'pod': 'checkoutservice-578fcf4766-9csqn', 'resource_alert': 'CpuUsageRate(%)', 'events_actual': '179_197'}, {'events': '181_55', 'score': 1.0, 'deepth': 3, 'pod': 'checkoutservice-578fcf4766-9csqn', 'resource_alert': 'CpuUsageRate(%)', 'events_actual': '181_197'}, {'events': '142_74', 'score': 1.0, 'deepth': 2, 'pod': 'checkoutservice-578fcf4766-9csqn', 'resource_alert': 'CpuUsageRate(%)', 'events_actual': '142_197'}]",2022-08-22 04:44:16,checkoutservice-578fcf4766-9csqn,cpu_contention,['CpuUsageRate(%)']
2022-08-22 03:51,2022-08-22 04:53,"[{'events': '158_65', 'score': 1.0, 'deepth': 4, 'pod': 'checkoutservice-578fcf4766-9csqn', 'events_actual': '158_199'}, {'events': '154_71', 'score': 1.0, 'deepth': 4, 'pod': 'checkoutservice-578fcf4766-9csqn', 'events_actual': '154_199'}, {'events': '156_69', 'score': 1.0, 'deepth': 4, 'pod': 'checkoutservice-578fcf4766-9csqn', 'events_actual': '156_199'}, {'events': '160_67', 'score': 1.0, 'deepth': 4, 'pod': 'checkoutservice-578fcf4766-9csqn', 'events_actual': '160_199'}, {'events': '152_72', 'score': 1.0, 'deepth': 3, 'pod': 'checkoutservice-578fcf4766-9csqn', 'events_actual': '152_199'}, {'events': '162_62', 'score': 1.0, 'deepth': 3, 'pod': 'checkoutservice-578fcf4766-9csqn', 'events_actual': '162_199'}, {'events': '177_59', 'score': 1.0, 'deepth': 3, 'pod': 'checkoutservice-578fcf4766-9csqn', 'events_actual': '177_199'}, {'events': '179_57', 'score': 1.0, 'deepth': 3, 'pod': 'checkoutservice-578fcf4766-9csqn', 'events_actual': '179_199'}, {'events': '181_55', 'score': 1.0, 'deepth': 3, 'pod': 'checkoutservice-578fcf4766-9csqn', 'events_actual': '181_199'}, {'events': '142_74', 'score': 1.0, 'deepth': 2, 'pod': 'checkoutservice-578fcf4766-9csqn', 'events_actual': '142_199'}]",2022-08-22 04:52:55,checkoutservice-578fcf4766-9csqn,network_delay,['NetworkP90(ms)']
2022-08-22 03:51,2022-08-22 04:54,"[{'events': '158_65', 'score': 1.0, 'deepth': 4, 'pod': 'checkoutservice-578fcf4766-9csqn', 'events_actual': '158_199'}, {'events': '154_71', 'score': 1.0, 'deepth': 4, 'pod': 'checkoutservice-578fcf4766-9csqn', 'events_actual': '154_199'}, {'events': '156_69', 'score': 1.0, 'deepth': 4, 'pod': 'checkoutservice-578fcf4766-9csqn', 'events_actual': '156_199'}, {'events': '160_67', 'score': 1.0, 'deepth': 4, 'pod': 'checkoutservice-578fcf4766-9csqn', 'events_actual': '160_199'}, {'events': '152_72', 'score': 1.0, 'deepth': 3, 'pod': 'checkoutservice-578fcf4766-9csqn', 'events_actual': '152_199'}, {'events': '162_62', 'score': 1.0, 'deepth': 3, 'pod': 'checkoutservice-578fcf4766-9csqn', 'events_actual': '162_199'}, {'events': '177_59', 'score': 1.0, 'deepth': 3, 'pod': 'checkoutservice-578fcf4766-9csqn', 'events_actual': '177_199'}, {'events': '179_57', 'score': 1.0, 'deepth': 3, 'pod': 'checkoutservice-578fcf4766-9csqn', 'events_actual': '179_199'}, {'events': '181_55', 'score': 1.0, 'deepth': 3, 'pod': 'checkoutservice-578fcf4766-9csqn', 'events_actual': '181_199'}, {'events': '142_74', 'score': 1.0, 'deepth': 2, 'pod': 'checkoutservice-578fcf4766-9csqn', 'events_actual': '142_199'}]",2022-08-22 04:52:55,checkoutservice-578fcf4766-9csqn,network_delay,['NetworkP90(ms)']
2022-08-22 03:51,2022-08-22 05:02,"[{'events': '62_61', 'score': 1.0, 'deepth': 4, 'pod': 'checkoutservice-578fcf4766-9csqn', 'events_actual': '62_189'}, {'events': '62_150', 'score': 1.0, 'deepth': 4, 'pod': 'checkoutservice-578fcf4766-9csqn', 'events_actual': '62_189'}, {'events': '73_60', 'score': 1.0, 'deepth': 3, 'pod': 'checkoutservice-578fcf4766-9csqn', 'events_actual': '73_143'}, {'events': '50_49', 'score': 1.0, 'deepth': 1, 'pod': 'frontend-579b9bff58-t2dbm', 'events_actual': '50_139'}]",2022-08-22 05:01:13,checkoutservice-578fcf4766-9csqn,exception,"['Start charge card', 'Charge successfully']"
2022-08-22 03:51,2022-08-22 05:03,"[{'events': '62_61', 'score': 1.0, 'deepth': 4, 'pod': 'checkoutservice-578fcf4766-9csqn', 'events_actual': '62_189'}, {'events': '62_150', 'score': 1.0, 'deepth': 4, 'pod': 'checkoutservice-578fcf4766-9csqn', 'events_actual': '62_189'}, {'events': '73_60', 'score': 1.0, 'deepth': 3, 'pod': 'checkoutservice-578fcf4766-9csqn', 'events_actual': '73_143'}, {'events': '104_23', 'score': 1.0, 'deepth': 2, 'pod': 'currencyservice-cf787dd48-vpjrd', 'resource_alert': 'CpuUsageRate(%)', 'events_actual': '104_197'}, {'events': '104_100', 'score': 1.0, 'deepth': 2, 'pod': 'currencyservice-cf787dd48-vpjrd', 'resource_alert': 'CpuUsageRate(%)', 'events_actual': '104_197'}, {'events': '104_106', 'score': 1.0, 'deepth': 2, 'pod': 'currencyservice-cf787dd48-vpjrd', 'resource_alert': 'CpuUsageRate(%)', 'events_actual': '104_197'}, {'events': '98_24', 'score': 1.0, 'deepth': 2, 'pod': 'currencyservice-cf787dd48-vpjrd', 'resource_alert': 'CpuUsageRate(%)', 'events_actual': '98_197'}, {'events': '98_100', 'score': 1.0, 'deepth': 2, 'pod': 'currencyservice-cf787dd48-vpjrd', 'resource_alert': 'CpuUsageRate(%)', 'events_actual': '98_197'}, {'events': '50_49', 'score': 1.0, 'deepth': 1, 'pod': 'frontend-579b9bff58-t2dbm', 'events_actual': '50_139'}]",2022-08-22 05:01:13,checkoutservice-578fcf4766-9csqn,exception,"['Start charge card', 'Charge successfully']"
2022-08-22 03:51,2022-08-22 05:10,[],2022-08-22 05:09:50,checkoutservice-578fcf4766-9csqn,return,"['Start charge card', 'Charge successfully']"
2022-08-22 03:51,2022-08-22 05:11,"[{'events': '62_61', 'score': 1.0, 'deepth': 4, 'pod': 'checkoutservice-578fcf4766-9csqn', 'events_actual': '62_164'}, {'events': '73_60', 'score': 1.0, 'deepth': 3, 'pod': 'checkoutservice-578fcf4766-9csqn', 'events_actual': '73_143'}, {'events': '50_49', 'score': 1.0, 'deepth': 1, 'pod': 'frontend-579b9bff58-t2dbm', 'events_actual': '50_139'}]",2022-08-22 05:09:50,checkoutservice-578fcf4766-9csqn,return,"['Start charge card', 'Charge successfully']"
2022-08-22 03:51,2022-08-22 05:19,"[{'events': '104_23', 'score': 1.0, 'deepth': 2, 'pod': 'currencyservice-cf787dd48-vpjrd', 'resource_alert': 'CpuUsageRate(%)', 'events_actual': '104_197'}, {'events': '104_100', 'score': 1.0, 'deepth': 2, 'pod': 'currencyservice-cf787dd48-vpjrd', 'resource_alert': 'CpuUsageRate(%)', 'events_actual': '104_197'}, {'events': '104_106', 'score': 1.0, 'deepth': 2, 'pod': 'currencyservice-cf787dd48-vpjrd', 'resource_alert': 'CpuUsageRate(%)', 'events_actual': '104_197'}, {'events': '98_24', 'score': 1.0, 'deepth': 2, 'pod': 'currencyservice-cf787dd48-vpjrd', 'resource_alert': 'CpuUsageRate(%)', 'events_actual': '98_197'}, {'events': '98_100', 'score': 1.0, 'deepth': 2, 'pod': 'currencyservice-cf787dd48-vpjrd', 'resource_alert': 'CpuUsageRate(%)', 'events_actual': '98_197'}, {'events': '4_50', 'score': 0.8181818181818182, 'deepth': 1, 'pod': 'frontend-579b9bff58-t2dbm'}, {'events': '4_3', 'score': 0.7945205479452054, 'deepth': 1, 'pod': 'frontend-579b9bff58-t2dbm'}, {'events': '38_84', 'score': 0.782716049382716, 'deepth': 1, 'pod': 'frontend-579b9bff58-t2dbm'}, {'events': '198_120', 'score': 0.7788778877887789, 'deepth': 4, 'pod': 'adservice-5f6585d649-fnmft', 'resource_alert': 'MemoryUsageRate(%)'}, {'events': '28_119', 'score': 0.7788778877887789, 'deepth': 4, 'pod': 'adservice-5f6585d649-fnmft', 'resource_alert': 'MemoryUsageRate(%)'}]",2022-08-22 05:18:09,currencyservice-cf787dd48-vpjrd,cpu_contention,['CpuUsageRate(%)']
2022-08-22 03:51,2022-08-22 05:20,"[{'events': '104_23', 'score': 1.0, 'deepth': 2, 'pod': 'currencyservice-cf787dd48-vpjrd', 'resource_alert': 'CpuUsageRate(%)', 'events_actual': '104_197'}, {'events': '104_100', 'score': 1.0, 'deepth': 2, 'pod': 'currencyservice-cf787dd48-vpjrd', 'resource_alert': 'CpuUsageRate(%)', 'events_actual': '104_197'}, {'events': '104_106', 'score': 1.0, 'deepth': 2, 'pod': 'currencyservice-cf787dd48-vpjrd', 'resource_alert': 'CpuUsageRate(%)', 'events_actual': '104_197'}, {'events': '98_24', 'score': 1.0, 'deepth': 2, 'pod': 'currencyservice-cf787dd48-vpjrd', 'resource_alert': 'CpuUsageRate(%)', 'events_actual': '98_197'}, {'events': '98_100', 'score': 1.0, 'deepth': 2, 'pod': 'currencyservice-cf787dd48-vpjrd', 'resource_alert': 'CpuUsageRate(%)', 'events_actual': '98_197'}, {'events': '198_120', 'score': 0.8644688644688645, 'deepth': 4, 'pod': 'adservice-5f6585d649-fnmft', 'resource_alert': 'MemoryUsageRate(%)'}, {'events': '28_119', 'score': 0.8644688644688645, 'deepth': 4, 'pod': 'adservice-5f6585d649-fnmft', 'resource_alert': 'MemoryUsageRate(%)'}, {'events': '4_18', 'score': 0.8644688644688645, 'deepth': 1, 'pod': 'frontend-579b9bff58-t2dbm'}, {'events': '16_15', 'score': 0.8644688644688645, 'deepth': 1, 'pod': 'frontend-579b9bff58-t2dbm'}, {'events': '120_198', 'score': 0.8567493112947658, 'deepth': 4, 'pod': 'adservice-5f6585d649-fnmft', 'resource_alert': 'MemoryUsageRate(%)'}]",2022-08-22 05:18:09,currencyservice-cf787dd48-vpjrd,cpu_contention,['CpuUsageRate(%)']
2022-08-22 03:51,2022-08-22 05:28,"[{'events': '104_23', 'score': 1.0, 'deepth': 2, 'pod': 'currencyservice-cf787dd48-vpjrd', 'events_actual': '104_199'}, {'events': '104_100', 'score': 1.0, 'deepth': 2, 'pod': 'currencyservice-cf787dd48-vpjrd', 'events_actual': '104_199'}, {'events': '104_106', 'score': 1.0, 'deepth': 2, 'pod': 'currencyservice-cf787dd48-vpjrd', 'events_actual': '104_199'}, {'events': '98_24', 'score': 1.0, 'deepth': 2, 'pod': 'currencyservice-cf787dd48-vpjrd', 'events_actual': '98_199'}, {'events': '98_100', 'score': 1.0, 'deepth': 2, 'pod': 'currencyservice-cf787dd48-vpjrd', 'events_actual': '98_199'}]",2022-08-22 05:27:06,currencyservice-cf787dd48-vpjrd,network_delay,['NetworkP90(ms)']
2022-08-22 03:51,2022-08-22 05:29,"[{'events': '104_23', 'score': 1.0, 'deepth': 2, 'pod': 'currencyservice-cf787dd48-vpjrd', 'events_actual': '104_199'}, {'events': '104_100', 'score': 1.0, 'deepth': 2, 'pod': 'currencyservice-cf787dd48-vpjrd', 'events_actual': '104_199'}, {'events': '104_106', 'score': 1.0, 'deepth': 2, 'pod': 'currencyservice-cf787dd48-vpjrd', 'events_actual': '104_199'}, {'events': '98_24', 'score': 1.0, 'deepth': 2, 'pod': 'currencyservice-cf787dd48-vpjrd', 'events_actual': '98_199'}, {'events': '98_100', 'score': 1.0, 'deepth': 2, 'pod': 'currencyservice-cf787dd48-vpjrd', 'events_actual': '98_199'}]",2022-08-22 05:27:06,currencyservice-cf787dd48-vpjrd,network_delay,['NetworkP90(ms)']
2022-08-22 03:51,2022-08-22 05:36,"[{'events': '187_52', 'score': 1.0, 'deepth': 5, 'pod': 'emailservice-55fdc5b988-f6xth', 'resource_alert': 'CpuUsageRate(%)', 'events_actual': '187_197'}]",2022-08-22 05:35:34,emailservice-55fdc5b988-f6xth,cpu_contention,['CpuUsageRate(%)']
2022-08-22 03:51,2022-08-22 05:37,"[{'events': '187_52', 'score': 1.0, 'deepth': 5, 'pod': 'emailservice-55fdc5b988-f6xth', 'resource_alert': 'CpuUsageRate(%)', 'events_actual': '187_197'}]",2022-08-22 05:35:34,emailservice-55fdc5b988-f6xth,cpu_contention,['CpuUsageRate(%)']
2022-08-22 03:51,2022-08-22 05:44,"[{'events': '187_52', 'score': 1.0, 'deepth': 5, 'pod': 'emailservice-55fdc5b988-f6xth', 'events_actual': '187_199'}]",2022-08-22 05:43:48,emailservice-55fdc5b988-f6xth,network_delay,['NetworkP90(ms)']
2022-08-22 03:51,2022-08-22 05:45,"[{'events': '187_52', 'score': 1.0, 'deepth': 5, 'pod': 'emailservice-55fdc5b988-f6xth', 'events_actual': '187_199'}]",2022-08-22 05:43:48,emailservice-55fdc5b988-f6xth,network_delay,['NetworkP90(ms)']
2022-08-22 03:51,2022-08-22 05:53,"[{'events': '165_48', 'score': 1.0, 'deepth': 5, 'pod': 'paymentservice-9cdb6588f-554sm', 'events_actual': '165_199'}]",2022-08-22 05:52:54,paymentservice-9cdb6588f-554sm,network_delay,['NetworkP90(ms)']
2022-08-22 03:51,2022-08-22 05:54,"[{'events': '165_48', 'score': 1.0, 'deepth': 5, 'pod': 'paymentservice-9cdb6588f-554sm', 'events_actual': '165_199'}]",2022-08-22 05:52:54,paymentservice-9cdb6588f-554sm,network_delay,['NetworkP90(ms)']
2022-08-22 03:51,2022-08-22 06:02,"[{'events': '165_48', 'score': 1.0, 'deepth': 5, 'pod': 'paymentservice-9cdb6588f-554sm', 'resource_alert': 'CpuUsageRate(%)', 'events_actual': '165_197'}]",2022-08-22 06:01:18,paymentservice-9cdb6588f-554sm,cpu_contention,['CpuUsageRate(%)']
2022-08-22 03:51,2022-08-22 06:03,"[{'events': '165_48', 'score': 1.0, 'deepth': 5, 'pod': 'paymentservice-9cdb6588f-554sm', 'resource_alert': 'CpuUsageRate(%)', 'events_actual': '165_197'}]",2022-08-22 06:01:18,paymentservice-9cdb6588f-554sm,cpu_contention,['CpuUsageRate(%)']
2022-08-22 03:51,2022-08-22 06:36,"[{'events': '90_8', 'score': 1.0, 'deepth': 6, 'pod': 'productcatalogservice-668d5f85fb-wckp8', 'resource_alert': 'CpuUsageRate(%)', 'events_actual': '90_197'}, {'events': '114_12', 'score': 1.0, 'deepth': 6, 'pod': 'productcatalogservice-668d5f85fb-wckp8', 'resource_alert': 'CpuUsageRate(%)', 'events_actual': '114_197'}, {'events': '112_13', 'score': 1.0, 'deepth': 5, 'pod': 'productcatalogservice-668d5f85fb-wckp8', 'resource_alert': 'CpuUsageRate(%)', 'events_actual': '112_197'}, {'events': '92_14', 'score': 1.0, 'deepth': 4, 'pod': 'productcatalogservice-668d5f85fb-wckp8', 'resource_alert': 'CpuUsageRate(%)', 'events_actual': '92_197'}]",2022-08-22 06:35:39,productcatalogservice-668d5f85fb-wckp8,cpu_consumed,['CpuUsageRate(%)']
2022-08-22 03:51,2022-08-22 06:37,"[{'events': '90_8', 'score': 1.0, 'deepth': 6, 'pod': 'productcatalogservice-668d5f85fb-wckp8', 'resource_alert': 'CpuUsageRate(%)', 'events_actual': '90_197'}, {'events': '114_12', 'score': 1.0, 'deepth': 6, 'pod': 'productcatalogservice-668d5f85fb-wckp8', 'resource_alert': 'CpuUsageRate(%)', 'events_actual': '114_197'}, {'events': '112_13', 'score': 1.0, 'deepth': 5, 'pod': 'productcatalogservice-668d5f85fb-wckp8', 'resource_alert': 'CpuUsageRate(%)', 'events_actual': '112_197'}, {'events': '92_14', 'score': 1.0, 'deepth': 4, 'pod': 'productcatalogservice-668d5f85fb-wckp8', 'resource_alert': 'CpuUsageRate(%)', 'events_actual': '92_197'}]",2022-08-22 06:35:39,productcatalogservice-668d5f85fb-wckp8,cpu_consumed,['CpuUsageRate(%)']
2022-08-22 03:51,2022-08-22 06:53,"[{'events': '108_7', 'score': 1.0, 'deepth': 2, 'pod': 'recommendationservice-6cfdd55578-gfj6q', 'events_actual': '108_199'}]",2022-08-22 06:52:56,recommendationservice-6cfdd55578-gfj6q,network_delay,['NetworkP90(ms)']
2022-08-22 03:51,2022-08-22 06:54,"[{'events': '108_7', 'score': 1.0, 'deepth': 2, 'pod': 'recommendationservice-6cfdd55578-gfj6q', 'events_actual': '108_199'}]",2022-08-22 06:52:56,recommendationservice-6cfdd55578-gfj6q,network_delay,['NetworkP90(ms)']
2022-08-22 03:51,2022-08-22 07:02,"[{'events': '108_7', 'score': 1.0, 'deepth': 2, 'pod': 'recommendationservice-6cfdd55578-gfj6q', 'resource_alert': 'CpuUsageRate(%)', 'events_actual': '108_197'}]",2022-08-22 07:01:25,recommendationservice-6cfdd55578-gfj6q,cpu_contention,['CpuUsageRate(%)']
2022-08-22 03:51,2022-08-22 07:03,"[{'events': '108_7', 'score': 1.0, 'deepth': 2, 'pod': 'recommendationservice-6cfdd55578-gfj6q', 'resource_alert': 'CpuUsageRate(%)', 'events_actual': '108_197'}]",2022-08-22 07:01:25,recommendationservice-6cfdd55578-gfj6q,cpu_contention,['CpuUsageRate(%)']
2022-08-22 03:51,2022-08-22 07:11,"[{'events': '108_7', 'score': 1.0, 'deepth': 2, 'pod': 'recommendationservice-6cfdd55578-gfj6q', 'resource_alert': 'CpuUsageRate(%)', 'events_actual': '108_197'}, {'events': '104_106', 'score': 0.7284671532846715, 'deepth': 2, 'pod': 'currencyservice-cf787dd48-vpjrd'}, {'events': '23_100', 'score': 0.7222222222222222, 'deepth': 3, 'pod': 'currencyservice-cf787dd48-vpjrd'}, {'events': '38_84', 'score': 0.7171945701357466, 'deepth': 1, 'pod': 'frontend-579b9bff58-t2dbm'}, {'events': '4_3', 'score': 0.7160493827160493, 'deepth': 1, 'pod': 'frontend-579b9bff58-t2dbm'}, {'events': '38_78', 'score': 0.6957345971563981, 'deepth': 1, 'pod': 'frontend-579b9bff58-t2dbm'}, {'events': '28_120', 'score': 0.6818181818181818, 'deepth': 4, 'pod': 'adservice-5f6585d649-fnmft', 'resource_alert': 'MemoryUsageRate(%)'}, {'events': '4_38', 'score': 0.6815286624203821, 'deepth': 1, 'pod': 'frontend-579b9bff58-t2dbm'}, {'events': '28_208', 'score': 0.6753246753246753, 'deepth': 4, 'pod': 'adservice-5f6585d649-fnmft', 'resource_alert': 'MemoryUsageRate(%)'}, {'events': '136_198', 'score': 0.6753246753246753, 'deepth': 4, 'pod': 'adservice-5f6585d649-fnmft', 'resource_alert': 'MemoryUsageRate(%)'}]",2022-08-22 07:10:43,recommendationservice-6cfdd55578-gfj6q,cpu_consumed,['CpuUsageRate(%)']
2022-08-22 03:51,2022-08-22 07:12,"[{'events': '108_7', 'score': 1.0, 'deepth': 2, 'pod': 'recommendationservice-6cfdd55578-gfj6q', 'resource_alert': 'CpuUsageRate(%)', 'events_actual': '108_197'}, {'events': '104_106', 'score': 0.7067988668555241, 'deepth': 2, 'pod': 'currencyservice-cf787dd48-vpjrd'}, {'events': '28_208', 'score': 0.6753246753246753, 'deepth': 4, 'pod': 'adservice-5f6585d649-fnmft', 'resource_alert': 'MemoryUsageRate(%)'}, {'events': '136_198', 'score': 0.6753246753246753, 'deepth': 4, 'pod': 'adservice-5f6585d649-fnmft', 'resource_alert': 'MemoryUsageRate(%)'}, {'events': '27_137', 'score': 0.6753246753246753, 'deepth': 4, 'pod': 'adservice-5f6585d649-fnmft', 'resource_alert': 'MemoryUsageRate(%)'}, {'events': '4_42', 'score': 0.6753246753246753, 'deepth': 1, 'pod': 'frontend-579b9bff58-t2dbm'}, {'events': '16_41', 'score': 0.6753246753246753, 'deepth': 1, 'pod': 'frontend-579b9bff58-t2dbm'}, {'events': '4_40', 'score': 0.6744186046511628, 'deepth': 1, 'pod': 'frontend-579b9bff58-t2dbm'}]",2022-08-22 07:10:43,recommendationservice-6cfdd55578-gfj6q,cpu_consumed,['CpuUsageRate(%)']
2022-08-22 03:51,2022-08-22 07:18,"[{'events': '130_34', 'score': 1.0, 'deepth': 8, 'pod': 'shippingservice-7b598fc7d-lmggd', 'events_actual': '130_199'}, {'events': '132_32', 'score': 1.0, 'deepth': 8, 'pod': 'shippingservice-7b598fc7d-lmggd', 'events_actual': '132_199'}, {'events': '128_35', 'score': 1.0, 'deepth': 7, 'pod': 'shippingservice-7b598fc7d-lmggd', 'events_actual': '128_199'}, {'events': '126_36', 'score': 1.0, 'deepth': 6, 'pod': 'shippingservice-7b598fc7d-lmggd', 'events_actual': '126_199'}, {'events': '185_46', 'score': 1.0, 'deepth': 5, 'pod': 'shippingservice-7b598fc7d-lmggd', 'events_actual': '185_199'}]",2022-08-22 07:17:55,shippingservice-7b598fc7d-lmggd,network_delay,['NetworkP90(ms)']
2022-08-22 03:51,2022-08-22 07:19,"[{'events': '130_34', 'score': 1.0, 'deepth': 8, 'pod': 'shippingservice-7b598fc7d-lmggd', 'events_actual': '130_199'}, {'events': '132_32', 'score': 1.0, 'deepth': 8, 'pod': 'shippingservice-7b598fc7d-lmggd', 'events_actual': '132_199'}, {'events': '128_35', 'score': 1.0, 'deepth': 7, 'pod': 'shippingservice-7b598fc7d-lmggd', 'events_actual': '128_199'}, {'events': '126_36', 'score': 1.0, 'deepth': 6, 'pod': 'shippingservice-7b598fc7d-lmggd', 'events_actual': '126_199'}, {'events': '185_46', 'score': 1.0, 'deepth': 5, 'pod': 'shippingservice-7b598fc7d-lmggd', 'events_actual': '185_199'}]",2022-08-22 07:17:55,shippingservice-7b598fc7d-lmggd,network_delay,['NetworkP90(ms)']
2022-08-22 03:51,2022-08-22 07:27,"[{'events': '130_34', 'score': 1.0, 'deepth': 8, 'pod': 'shippingservice-7b598fc7d-lmggd', 'resource_alert': 'CpuUsageRate(%)', 'events_actual': '130_197'}, {'events': '132_32', 'score': 1.0, 'deepth': 8, 'pod': 'shippingservice-7b598fc7d-lmggd', 'resource_alert': 'CpuUsageRate(%)', 'events_actual': '132_197'}, {'events': '128_35', 'score': 1.0, 'deepth': 7, 'pod': 'shippingservice-7b598fc7d-lmggd', 'resource_alert': 'CpuUsageRate(%)', 'events_actual': '128_197'}, {'events': '126_36', 'score': 1.0, 'deepth': 6, 'pod': 'shippingservice-7b598fc7d-lmggd', 'resource_alert': 'CpuUsageRate(%)', 'events_actual': '126_197'}, {'events': '185_46', 'score': 1.0, 'deepth': 5, 'pod': 'shippingservice-7b598fc7d-lmggd', 'resource_alert': 'CpuUsageRate(%)', 'events_actual': '185_197'}]",2022-08-22 07:26:48,shippingservice-7b598fc7d-lmggd,cpu_contention,['CpuUsageRate(%)']
2022-08-22 03:51,2022-08-22 07:28,"[{'events': '130_34', 'score': 1.0, 'deepth': 8, 'pod': 'shippingservice-7b598fc7d-lmggd', 'resource_alert': 'CpuUsageRate(%)', 'events_actual': '130_197'}, {'events': '132_32', 'score': 1.0, 'deepth': 8, 'pod': 'shippingservice-7b598fc7d-lmggd', 'resource_alert': 'CpuUsageRate(%)', 'events_actual': '132_197'}, {'events': '128_35', 'score': 1.0, 'deepth': 7, 'pod': 'shippingservice-7b598fc7d-lmggd', 'resource_alert': 'CpuUsageRate(%)', 'events_actual': '128_197'}, {'events': '126_36', 'score': 1.0, 'deepth': 6, 'pod': 'shippingservice-7b598fc7d-lmggd', 'resource_alert': 'CpuUsageRate(%)', 'events_actual': '126_197'}, {'events': '185_46', 'score': 1.0, 'deepth': 5, 'pod': 'shippingservice-7b598fc7d-lmggd', 'resource_alert': 'CpuUsageRate(%)', 'events_actual': '185_197'}]",2022-08-22 07:26:48,shippingservice-7b598fc7d-lmggd,cpu_contention,['CpuUsageRate(%)']
2022-08-22 03:51,2022-08-22 07:45,"[{'events': '28_208', 'score': 0.8253968253968254, 'deepth': 4, 'pod': 'adservice-5f6585d649-fnmft', 'resource_alert': 'MemoryUsageRate(%)'}, {'events': '136_198', 'score': 0.8253968253968254, 'deepth': 4, 'pod': 'adservice-5f6585d649-fnmft', 'resource_alert': 'MemoryUsageRate(%)'}, {'events': '27_137', 'score': 0.8253968253968254, 'deepth': 4, 'pod': 'adservice-5f6585d649-fnmft', 'resource_alert': 'MemoryUsageRate(%)'}, {'events': '16_41', 'score': 0.8253968253968254, 'deepth': 1, 'pod': 'frontend-579b9bff58-t2dbm'}]",2022-08-22 07:44:20,adservice-5f6585d649-fnmft,return,"['Received ad request', 'No context provided']"
2022-08-22 03:51,2022-08-22 07:46,"[{'events': '28_208', 'score': 1.0, 'deepth': 4, 'pod': 'adservice-5f6585d649-fnmft', 'resource_alert': 'MemoryUsageRate(%)'}, {'events': '136_198', 'score': 1.0, 'deepth': 4, 'pod': 'adservice-5f6585d649-fnmft', 'resource_alert': 'MemoryUsageRate(%)'}, {'events': '27_137', 'score': 1.0, 'deepth': 4, 'pod': 'adservice-5f6585d649-fnmft', 'resource_alert': 'MemoryUsageRate(%)'}, {'events': '16_41', 'score': 1.0, 'deepth': 1, 'pod': 'frontend-579b9bff58-t2dbm'}]",2022-08-22 07:44:20,adservice-5f6585d649-fnmft,return,"['Received ad request', 'No context provided']"
2022-08-22 03:51,2022-08-22 07:54,"[{'events': '28_208', 'score': 0.7878787878787878, 'deepth': 4, 'pod': 'adservice-5f6585d649-fnmft', 'resource_alert': 'MemoryUsageRate(%)'}, {'events': '136_198', 'score': 0.7878787878787878, 'deepth': 4, 'pod': 'adservice-5f6585d649-fnmft', 'resource_alert': 'MemoryUsageRate(%)'}, {'events': '27_137', 'score': 0.7878787878787878, 'deepth': 4, 'pod': 'adservice-5f6585d649-fnmft', 'resource_alert': 'MemoryUsageRate(%)'}, {'events': '16_41', 'score': 0.7878787878787878, 'deepth': 1, 'pod': 'frontend-579b9bff58-t2dbm'}]",2022-08-22 07:53:33,adservice-5f6585d649-fnmft,exception,"['Received ad request', 'No context provided']"
2022-08-22 03:51,2022-08-22 07:55,"[{'events': '28_208', 'score': 1.0, 'deepth': 4, 'pod': 'adservice-5f6585d649-fnmft', 'resource_alert': 'MemoryUsageRate(%)'}, {'events': '136_198', 'score': 1.0, 'deepth': 4, 'pod': 'adservice-5f6585d649-fnmft', 'resource_alert': 'MemoryUsageRate(%)'}, {'events': '27_137', 'score': 1.0, 'deepth': 4, 'pod': 'adservice-5f6585d649-fnmft', 'resource_alert': 'MemoryUsageRate(%)'}, {'events': '16_41', 'score': 1.0, 'deepth': 1, 'pod': 'frontend-579b9bff58-t2dbm'}]",2022-08-22 07:53:33,adservice-5f6585d649-fnmft,exception,"['Received ad request', 'No context provided']"
2022-08-23 17:00,2022-08-23 12:02,"[{'events': '76_4', 'score': 1.0, 'deepth': 1, 'pod': 'frontend-579b9bff58-t2dbm', 'resource_alert': 'CpuUsageRate(%)', 'events_actual': '76_197'}, {'events': '24_100', 'score': 0.7368421052631579, 'deepth': 3, 'pod': 'currencyservice-cf787dd48-vpjrd'}]",2022-08-23 12:01:25,frontend-579b9bff58-t2dbm,cpu_contention,['CpuUsageRate(%)']
2022-08-23 17:00,2022-08-23 12:03,"[{'events': '76_4', 'score': 1.0, 'deepth': 1, 'pod': 'frontend-579b9bff58-t2dbm', 'resource_alert': 'CpuUsageRate(%)', 'events_actual': '76_197'}, {'events': '24_100', 'score': 0.7368421052631579, 'deepth': 3, 'pod': 'currencyservice-cf787dd48-vpjrd'}]",2022-08-23 12:01:25,frontend-579b9bff58-t2dbm,cpu_contention,['CpuUsageRate(%)']
2022-08-23 17:00,2022-08-23 12:11,"[{'events': '120_198', 'score': 1.0, 'deepth': 4, 'pod': 'adservice-5f6585d649-fnmft', 'resource_alert': 'MemoryUsageRate(%)'}, {'events': '27_26', 'score': 1.0, 'deepth': 4, 'pod': 'adservice-5f6585d649-fnmft', 'resource_alert': 'MemoryUsageRate(%)'}, {'events': '28_119', 'score': 1.0, 'deepth': 4, 'pod': 'adservice-5f6585d649-fnmft', 'resource_alert': 'MemoryUsageRate(%)'}, {'events': '28_120', 'score': 1.0, 'deepth': 4, 'pod': 'adservice-5f6585d649-fnmft', 'resource_alert': 'MemoryUsageRate(%)'}, {'events': '18_78', 'score': 1.0, 'deepth': 1, 'pod': 'frontend-579b9bff58-t2dbm', 'events_actual': '18_191'}, {'events': '18_17', 'score': 1.0, 'deepth': 1, 'pod': 'frontend-579b9bff58-t2dbm', 'events_actual': '18_191'}, {'events': '18_80', 'score': 1.0, 'deepth': 1, 'pod': 'frontend-579b9bff58-t2dbm', 'events_actual': '18_191'}, {'events': '18_82', 'score': 1.0, 'deepth': 1, 'pod': 'frontend-579b9bff58-t2dbm', 'events_actual': '18_191'}, {'events': '18_84', 'score': 1.0, 'deepth': 1, 'pod': 'frontend-579b9bff58-t2dbm', 'events_actual': '18_191'}, {'events': '18_86', 'score': 1.0, 'deepth': 1, 'pod': 'frontend-579b9bff58-t2dbm', 'events_actual': '18_191'}]",2022-08-23 12:10:21,frontend-579b9bff58-t2dbm,return,"['Serving product page started', 'GetProduct start']"
2022-08-23 17:00,2022-08-23 12:12,"[{'events': '120_198', 'score': 1.0, 'deepth': 4, 'pod': 'adservice-5f6585d649-fnmft', 'resource_alert': 'MemoryUsageRate(%)'}, {'events': '27_26', 'score': 1.0, 'deepth': 4, 'pod': 'adservice-5f6585d649-fnmft', 'resource_alert': 'MemoryUsageRate(%)'}, {'events': '28_119', 'score': 1.0, 'deepth': 4, 'pod': 'adservice-5f6585d649-fnmft', 'resource_alert': 'MemoryUsageRate(%)'}, {'events': '28_120', 'score': 1.0, 'deepth': 4, 'pod': 'adservice-5f6585d649-fnmft', 'resource_alert': 'MemoryUsageRate(%)'}, {'events': '18_78', 'score': 1.0, 'deepth': 1, 'pod': 'frontend-579b9bff58-t2dbm', 'events_actual': '18_191'}, {'events': '18_17', 'score': 1.0, 'deepth': 1, 'pod': 'frontend-579b9bff58-t2dbm', 'events_actual': '18_191'}, {'events': '18_80', 'score': 1.0, 'deepth': 1, 'pod': 'frontend-579b9bff58-t2dbm', 'events_actual': '18_191'}, {'events': '18_82', 'score': 1.0, 'deepth': 1, 'pod': 'frontend-579b9bff58-t2dbm', 'events_actual': '18_191'}, {'events': '18_84', 'score': 1.0, 'deepth': 1, 'pod': 'frontend-579b9bff58-t2dbm', 'events_actual': '18_191'}, {'events': '18_86', 'score': 1.0, 'deepth': 1, 'pod': 'frontend-579b9bff58-t2dbm', 'events_actual': '18_191'}]",2022-08-23 12:10:21,frontend-579b9bff58-t2dbm,return,"['Serving product page started', 'GetProduct start']"
2022-08-23 17:00,2022-08-23 12:19,"[{'events': '76_4', 'score': 1.0, 'deepth': 1, 'pod': 'frontend-579b9bff58-t2dbm', 'resource_alert': 'CpuUsageRate(%)', 'events_actual': '76_197'}]",2022-08-23 12:18:23,frontend-579b9bff58-t2dbm,cpu_consumed,['CpuUsageRate(%)']
2022-08-23 17:00,2022-08-23 12:20,"[{'events': '76_4', 'score': 1.0, 'deepth': 1, 'pod': 'frontend-579b9bff58-t2dbm', 'resource_alert': 'CpuUsageRate(%)', 'events_actual': '76_197'}, {'events': '24_100', 'score': 0.7, 'deepth': 3, 'pod': 'currencyservice-cf787dd48-vpjrd'}]",2022-08-23 12:18:23,frontend-579b9bff58-t2dbm,cpu_consumed,['CpuUsageRate(%)']
2022-08-23 17:00,2022-08-23 12:28,"[{'events': '50_49', 'score': 1.0, 'deepth': 1, 'pod': 'frontend-579b9bff58-t2dbm', 'events_actual': '50_139'}, {'events': '24_100', 'score': 0.7368421052631579, 'deepth': 3, 'pod': 'currencyservice-cf787dd48-vpjrd'}]",2022-08-23 12:27:23,frontend-579b9bff58-t2dbm,exception,"['Placing order started', 'Order placed complete']"
2022-08-23 17:00,2022-08-23 12:29,"[{'events': '50_49', 'score': 1.0, 'deepth': 1, 'pod': 'frontend-579b9bff58-t2dbm', 'events_actual': '50_139'}]",2022-08-23 12:27:23,frontend-579b9bff58-t2dbm,exception,"['Placing order started', 'Order placed complete']"
2022-08-23 17:00,2022-08-23 12:36,"[{'events': '102_25', 'score': 1.0, 'deepth': 6, 'pod': 'cartservice-579f59597d-wc2lz', 'events_actual': '102_199'}, {'events': '183_75', 'score': 1.0, 'deepth': 5, 'pod': 'cartservice-579f59597d-wc2lz', 'events_actual': '183_199'}, {'events': '169_5', 'score': 1.0, 'deepth': 2, 'pod': 'cartservice-579f59597d-wc2lz', 'events_actual': '169_199'}]",2022-08-23 12:35:57,cartservice-579f59597d-wc2lz,network_delay,['NetworkP90(ms)']
2022-08-23 17:00,2022-08-23 12:37,"[{'events': '102_25', 'score': 1.0, 'deepth': 6, 'pod': 'cartservice-579f59597d-wc2lz', 'events_actual': '102_199'}, {'events': '183_75', 'score': 1.0, 'deepth': 5, 'pod': 'cartservice-579f59597d-wc2lz', 'events_actual': '183_199'}, {'events': '169_5', 'score': 1.0, 'deepth': 2, 'pod': 'cartservice-579f59597d-wc2lz', 'events_actual': '169_199'}, {'events': '24_100', 'score': 0.7, 'deepth': 3, 'pod': 'currencyservice-cf787dd48-vpjrd'}, {'events': '23_100', 'score': 0.6744186046511628, 'deepth': 3, 'pod': 'currencyservice-cf787dd48-vpjrd'}]",2022-08-23 12:35:57,cartservice-579f59597d-wc2lz,network_delay,['NetworkP90(ms)']
2022-08-23 17:00,2022-08-23 12:46,"[{'events': '102_25', 'score': 1.0, 'deepth': 6, 'pod': 'cartservice-579f59597d-wc2lz', 'resource_alert': 'CpuUsageRate(%)', 'events_actual': '102_197'}, {'events': '183_75', 'score': 1.0, 'deepth': 5, 'pod': 'cartservice-579f59597d-wc2lz', 'resource_alert': 'CpuUsageRate(%)', 'events_actual': '183_197'}, {'events': '169_5', 'score': 1.0, 'deepth': 2, 'pod': 'cartservice-579f59597d-wc2lz', 'resource_alert': 'CpuUsageRate(%)', 'events_actual': '169_197'}, {'events': '23_100', 'score': 0.7435897435897436, 'deepth': 3, 'pod': 'currencyservice-cf787dd48-vpjrd'}, {'events': '24_100', 'score': 0.7, 'deepth': 3, 'pod': 'currencyservice-cf787dd48-vpjrd'}]",2022-08-23 12:45:08,cartservice-579f59597d-wc2lz,cpu_contention,['CpuUsageRate(%)']
2022-08-23 17:00,2022-08-23 12:47,"[{'events': '102_25', 'score': 1.0, 'deepth': 6, 'pod': 'cartservice-579f59597d-wc2lz', 'resource_alert': 'CpuUsageRate(%)', 'events_actual': '102_197'}, {'events': '183_75', 'score': 1.0, 'deepth': 5, 'pod': 'cartservice-579f59597d-wc2lz', 'resource_alert': 'CpuUsageRate(%)', 'events_actual': '183_197'}, {'events': '169_5', 'score': 1.0, 'deepth': 2, 'pod': 'cartservice-579f59597d-wc2lz', 'resource_alert': 'CpuUsageRate(%)', 'events_actual': '169_197'}, {'events': '24_100', 'score': 0.7, 'deepth': 3, 'pod': 'currencyservice-cf787dd48-vpjrd'}]",2022-08-23 12:45:08,cartservice-579f59597d-wc2lz,cpu_contention,['CpuUsageRate(%)']
2022-08-23 17:00,2022-08-23 12:54,"[{'events': '158_65', 'score': 1.0, 'deepth': 4, 'pod': 'checkoutservice-578fcf4766-9csqn', 'events_actual': '158_199'}, {'events': '154_71', 'score': 1.0, 'deepth': 4, 'pod': 'checkoutservice-578fcf4766-9csqn', 'events_actual': '154_199'}, {'events': '156_69', 'score': 1.0, 'deepth': 4, 'pod': 'checkoutservice-578fcf4766-9csqn', 'events_actual': '156_199'}, {'events': '160_67', 'score': 1.0, 'deepth': 4, 'pod': 'checkoutservice-578fcf4766-9csqn', 'events_actual': '160_199'}, {'events': '152_72', 'score': 1.0, 'deepth': 3, 'pod': 'checkoutservice-578fcf4766-9csqn', 'events_actual': '152_199'}, {'events': '162_62', 'score': 1.0, 'deepth': 3, 'pod': 'checkoutservice-578fcf4766-9csqn', 'events_actual': '162_199'}, {'events': '177_59', 'score': 1.0, 'deepth': 3, 'pod': 'checkoutservice-578fcf4766-9csqn', 'events_actual': '177_199'}, {'events': '179_57', 'score': 1.0, 'deepth': 3, 'pod': 'checkoutservice-578fcf4766-9csqn', 'events_actual': '179_199'}, {'events': '181_55', 'score': 1.0, 'deepth': 3, 'pod': 'checkoutservice-578fcf4766-9csqn', 'events_actual': '181_199'}, {'events': '142_74', 'score': 1.0, 'deepth': 2, 'pod': 'checkoutservice-578fcf4766-9csqn', 'events_actual': '142_199'}]",2022-08-23 12:53:52,checkoutservice-578fcf4766-9csqn,network_delay,['NetworkP90(ms)']
2022-08-23 17:00,2022-08-23 12:55,"[{'events': '158_65', 'score': 1.0, 'deepth': 4, 'pod': 'checkoutservice-578fcf4766-9csqn', 'events_actual': '158_199'}, {'events': '154_71', 'score': 1.0, 'deepth': 4, 'pod': 'checkoutservice-578fcf4766-9csqn', 'events_actual': '154_199'}, {'events': '156_69', 'score': 1.0, 'deepth': 4, 'pod': 'checkoutservice-578fcf4766-9csqn', 'events_actual': '156_199'}, {'events': '160_67', 'score': 1.0, 'deepth': 4, 'pod': 'checkoutservice-578fcf4766-9csqn', 'events_actual': '160_199'}, {'events': '152_72', 'score': 1.0, 'deepth': 3, 'pod': 'checkoutservice-578fcf4766-9csqn', 'events_actual': '152_199'}, {'events': '162_62', 'score': 1.0, 'deepth': 3, 'pod': 'checkoutservice-578fcf4766-9csqn', 'events_actual': '162_199'}, {'events': '177_59', 'score': 1.0, 'deepth': 3, 'pod': 'checkoutservice-578fcf4766-9csqn', 'events_actual': '177_199'}, {'events': '179_57', 'score': 1.0, 'deepth': 3, 'pod': 'checkoutservice-578fcf4766-9csqn', 'events_actual': '179_199'}, {'events': '181_55', 'score': 1.0, 'deepth': 3, 'pod': 'checkoutservice-578fcf4766-9csqn', 'events_actual': '181_199'}, {'events': '142_74', 'score': 1.0, 'deepth': 2, 'pod': 'checkoutservice-578fcf4766-9csqn', 'events_actual': '142_199'}]",2022-08-23 12:53:52,checkoutservice-578fcf4766-9csqn,network_delay,['NetworkP90(ms)']
2022-08-23 17:00,2022-08-23 13:03,"[{'events': '62_61', 'score': 1.0, 'deepth': 4, 'pod': 'checkoutservice-578fcf4766-9csqn', 'events_actual': '62_189'}, {'events': '62_150', 'score': 1.0, 'deepth': 4, 'pod': 'checkoutservice-578fcf4766-9csqn', 'events_actual': '62_189'}, {'events': '73_60', 'score': 1.0, 'deepth': 3, 'pod': 'checkoutservice-578fcf4766-9csqn', 'events_actual': '73_143'}, {'events': '50_49', 'score': 1.0, 'deepth': 1, 'pod': 'frontend-579b9bff58-t2dbm', 'events_actual': '50_139'}, {'events': '23_100', 'score': 0.7073170731707317, 'deepth': 3, 'pod': 'currencyservice-cf787dd48-vpjrd'}]",2022-08-23 13:02:09,checkoutservice-578fcf4766-9csqn,exception,"['Start charge card', 'Charge successfully']"
2022-08-23 17:00,2022-08-23 13:04,"[{'events': '62_61', 'score': 1.0, 'deepth': 4, 'pod': 'checkoutservice-578fcf4766-9csqn', 'events_actual': '62_189'}, {'events': '62_150', 'score': 1.0, 'deepth': 4, 'pod': 'checkoutservice-578fcf4766-9csqn', 'events_actual': '62_189'}, {'events': '73_60', 'score': 1.0, 'deepth': 3, 'pod': 'checkoutservice-578fcf4766-9csqn', 'events_actual': '73_143'}, {'events': '50_49', 'score': 1.0, 'deepth': 1, 'pod': 'frontend-579b9bff58-t2dbm', 'events_actual': '50_139'}, {'events': '23_100', 'score': 0.6904761904761905, 'deepth': 3, 'pod': 'currencyservice-cf787dd48-vpjrd'}]",2022-08-23 13:02:09,checkoutservice-578fcf4766-9csqn,exception,"['Start charge card', 'Charge successfully']"
2022-08-23 17:00,2022-08-23 13:11,"[{'events': '62_61', 'score': 0.9, 'deepth': 4, 'pod': 'checkoutservice-578fcf4766-9csqn', 'events_actual': '62_164'}, {'events': '73_60', 'score': 0.9, 'deepth': 3, 'pod': 'checkoutservice-578fcf4766-9csqn', 'events_actual': '73_143'}, {'events': '50_49', 'score': 0.9, 'deepth': 1, 'pod': 'frontend-579b9bff58-t2dbm', 'events_actual': '50_139'}]",2022-08-23 13:10:36,checkoutservice-578fcf4766-9csqn,return,"['Start charge card', 'Charge successfully']"
2022-08-23 17:00,2022-08-23 13:12,"[{'events': '62_61', 'score': 1.0, 'deepth': 4, 'pod': 'checkoutservice-578fcf4766-9csqn', 'events_actual': '62_164'}, {'events': '73_60', 'score': 1.0, 'deepth': 3, 'pod': 'checkoutservice-578fcf4766-9csqn', 'events_actual': '73_143'}, {'events': '50_49', 'score': 1.0, 'deepth': 1, 'pod': 'frontend-579b9bff58-t2dbm', 'events_actual': '50_139'}]",2022-08-23 13:10:36,checkoutservice-578fcf4766-9csqn,return,"['Start charge card', 'Charge successfully']"
2022-08-23 17:00,2022-08-23 13:20,"[{'events': '158_65', 'score': 1.0, 'deepth': 4, 'pod': 'checkoutservice-578fcf4766-9csqn', 'resource_alert': 'CpuUsageRate(%)', 'events_actual': '158_197'}, {'events': '154_71', 'score': 1.0, 'deepth': 4, 'pod': 'checkoutservice-578fcf4766-9csqn', 'resource_alert': 'CpuUsageRate(%)', 'events_actual': '154_197'}, {'events': '156_69', 'score': 1.0, 'deepth': 4, 'pod': 'checkoutservice-578fcf4766-9csqn', 'resource_alert': 'CpuUsageRate(%)', 'events_actual': '156_197'}, {'events': '160_67', 'score': 1.0, 'deepth': 4, 'pod': 'checkoutservice-578fcf4766-9csqn', 'resource_alert': 'CpuUsageRate(%)', 'events_actual': '160_197'}, {'events': '152_72', 'score': 1.0, 'deepth': 3, 'pod': 'checkoutservice-578fcf4766-9csqn', 'resource_alert': 'CpuUsageRate(%)', 'events_actual': '152_197'}, {'events': '162_62', 'score': 1.0, 'deepth': 3, 'pod': 'checkoutservice-578fcf4766-9csqn', 'resource_alert': 'CpuUsageRate(%)', 'events_actual': '162_197'}, {'events': '177_59', 'score': 1.0, 'deepth': 3, 'pod': 'checkoutservice-578fcf4766-9csqn', 'resource_alert': 'CpuUsageRate(%)', 'events_actual': '177_197'}, {'events': '179_57', 'score': 1.0, 'deepth': 3, 'pod': 'checkoutservice-578fcf4766-9csqn', 'resource_alert': 'CpuUsageRate(%)', 'events_actual': '179_197'}, {'events': '181_55', 'score': 1.0, 'deepth': 3, 'pod': 'checkoutservice-578fcf4766-9csqn', 'resource_alert': 'CpuUsageRate(%)', 'events_actual': '181_197'}, {'events': '142_74', 'score': 1.0, 'deepth': 2, 'pod': 'checkoutservice-578fcf4766-9csqn', 'resource_alert': 'CpuUsageRate(%)', 'events_actual': '142_197'}]",2022-08-23 13:19:06,checkoutservice-578fcf4766-9csqn,cpu_consumed,['CpuUsageRate(%)']
2022-08-23 17:00,2022-08-23 13:21,"[{'events': '158_65', 'score': 1.0, 'deepth': 4, 'pod': 'checkoutservice-578fcf4766-9csqn', 'resource_alert': 'CpuUsageRate(%)', 'events_actual': '158_197'}, {'events': '154_71', 'score': 1.0, 'deepth': 4, 'pod': 'checkoutservice-578fcf4766-9csqn', 'resource_alert': 'CpuUsageRate(%)', 'events_actual': '154_197'}, {'events': '156_69', 'score': 1.0, 'deepth': 4, 'pod': 'checkoutservice-578fcf4766-9csqn', 'resource_alert': 'CpuUsageRate(%)', 'events_actual': '156_197'}, {'events': '160_67', 'score': 1.0, 'deepth': 4, 'pod': 'checkoutservice-578fcf4766-9csqn', 'resource_alert': 'CpuUsageRate(%)', 'events_actual': '160_197'}, {'events': '152_72', 'score': 1.0, 'deepth': 3, 'pod': 'checkoutservice-578fcf4766-9csqn', 'resource_alert': 'CpuUsageRate(%)', 'events_actual': '152_197'}, {'events': '162_62', 'score': 1.0, 'deepth': 3, 'pod': 'checkoutservice-578fcf4766-9csqn', 'resource_alert': 'CpuUsageRate(%)', 'events_actual': '162_197'}, {'events': '177_59', 'score': 1.0, 'deepth': 3, 'pod': 'checkoutservice-578fcf4766-9csqn', 'resource_alert': 'CpuUsageRate(%)', 'events_actual': '177_197'}, {'events': '179_57', 'score': 1.0, 'deepth': 3, 'pod': 'checkoutservice-578fcf4766-9csqn', 'resource_alert': 'CpuUsageRate(%)', 'events_actual': '179_197'}, {'events': '181_55', 'score': 1.0, 'deepth': 3, 'pod': 'checkoutservice-578fcf4766-9csqn', 'resource_alert': 'CpuUsageRate(%)', 'events_actual': '181_197'}, {'events': '142_74', 'score': 1.0, 'deepth': 2, 'pod': 'checkoutservice-578fcf4766-9csqn', 'resource_alert': 'CpuUsageRate(%)', 'events_actual': '142_197'}]",2022-08-23 13:19:06,checkoutservice-578fcf4766-9csqn,cpu_consumed,['CpuUsageRate(%)']
2022-08-23 17:00,2022-08-23 13:28,"[{'events': '104_23', 'score': 1.0, 'deepth': 2, 'pod': 'currencyservice-cf787dd48-vpjrd', 'resource_alert': 'CpuUsageRate(%)', 'events_actual': '104_197'}, {'events': '104_100', 'score': 1.0, 'deepth': 2, 'pod': 'currencyservice-cf787dd48-vpjrd', 'resource_alert': 'CpuUsageRate(%)', 'events_actual': '104_197'}, {'events': '98_24', 'score': 1.0, 'deepth': 2, 'pod': 'currencyservice-cf787dd48-vpjrd', 'resource_alert': 'CpuUsageRate(%)', 'events_actual': '98_197'}, {'events': '98_100', 'score': 1.0, 'deepth': 2, 'pod': 'currencyservice-cf787dd48-vpjrd', 'resource_alert': 'CpuUsageRate(%)', 'events_actual': '98_197'}, {'events': '104_106', 'score': 1.0, 'deepth': 2, 'pod': 'currencyservice-cf787dd48-vpjrd', 'resource_alert': 'CpuUsageRate(%)', 'events_actual': '104_197'}]",2022-08-23 13:27:51,currencyservice-cf787dd48-vpjrd,cpu_contention,['CpuUsageRate(%)']
2022-08-23 17:00,2022-08-23 13:29,"[{'events': '104_23', 'score': 1.0, 'deepth': 2, 'pod': 'currencyservice-cf787dd48-vpjrd', 'resource_alert': 'CpuUsageRate(%)', 'events_actual': '104_197'}, {'events': '104_100', 'score': 1.0, 'deepth': 2, 'pod': 'currencyservice-cf787dd48-vpjrd', 'resource_alert': 'CpuUsageRate(%)', 'events_actual': '104_197'}, {'events': '98_24', 'score': 1.0, 'deepth': 2, 'pod': 'currencyservice-cf787dd48-vpjrd', 'resource_alert': 'CpuUsageRate(%)', 'events_actual': '98_197'}, {'events': '98_100', 'score': 1.0, 'deepth': 2, 'pod': 'currencyservice-cf787dd48-vpjrd', 'resource_alert': 'CpuUsageRate(%)', 'events_actual': '98_197'}, {'events': '104_106', 'score': 1.0, 'deepth': 2, 'pod': 'currencyservice-cf787dd48-vpjrd', 'resource_alert': 'CpuUsageRate(%)', 'events_actual': '104_197'}, {'events': '69_146', 'score': 0.8363636363636363, 'deepth': 5, 'pod': 'checkoutservice-578fcf4766-9csqn'}, {'events': '69_158', 'score': 0.8363636363636363, 'deepth': 5, 'pod': 'checkoutservice-578fcf4766-9csqn'}, {'events': '4_40', 'score': 0.8043478260869565, 'deepth': 1, 'pod': 'frontend-579b9bff58-t2dbm'}, {'events': '4_38', 'score': 0.7890625, 'deepth': 1, 'pod': 'frontend-579b9bff58-t2dbm'}, {'events': '198_120', 'score': 0.7864077669902912, 'deepth': 4, 'pod': 'adservice-5f6585d649-fnmft', 'resource_alert': 'MemoryUsageRate(%)'}]",2022-08-23 13:27:51,currencyservice-cf787dd48-vpjrd,cpu_contention,['CpuUsageRate(%)']
2022-08-23 17:00,2022-08-23 13:38,"[{'events': '104_23', 'score': 1.0, 'deepth': 2, 'pod': 'currencyservice-cf787dd48-vpjrd', 'events_actual': '104_199'}, {'events': '104_100', 'score': 1.0, 'deepth': 2, 'pod': 'currencyservice-cf787dd48-vpjrd', 'events_actual': '104_199'}, {'events': '98_24', 'score': 1.0, 'deepth': 2, 'pod': 'currencyservice-cf787dd48-vpjrd', 'events_actual': '98_199'}, {'events': '98_100', 'score': 1.0, 'deepth': 2, 'pod': 'currencyservice-cf787dd48-vpjrd', 'events_actual': '98_199'}, {'events': '104_106', 'score': 1.0, 'deepth': 2, 'pod': 'currencyservice-cf787dd48-vpjrd', 'events_actual': '104_199'}]",2022-08-23 13:37:08,currencyservice-cf787dd48-vpjrd,network_delay,['NetworkP90(ms)']
2022-08-23 17:00,2022-08-23 13:39,"[{'events': '104_23', 'score': 1.0, 'deepth': 2, 'pod': 'currencyservice-cf787dd48-vpjrd', 'events_actual': '104_199'}, {'events': '104_100', 'score': 1.0, 'deepth': 2, 'pod': 'currencyservice-cf787dd48-vpjrd', 'events_actual': '104_199'}, {'events': '98_24', 'score': 1.0, 'deepth': 2, 'pod': 'currencyservice-cf787dd48-vpjrd', 'events_actual': '98_199'}, {'events': '98_100', 'score': 1.0, 'deepth': 2, 'pod': 'currencyservice-cf787dd48-vpjrd', 'events_actual': '98_199'}, {'events': '104_106', 'score': 1.0, 'deepth': 2, 'pod': 'currencyservice-cf787dd48-vpjrd', 'events_actual': '104_199'}]",2022-08-23 13:37:08,currencyservice-cf787dd48-vpjrd,network_delay,['NetworkP90(ms)']
2022-08-23 17:00,2022-08-23 13:46,[],2022-08-23 13:45:53,emailservice-55fdc5b988-f6xth,cpu_contention,['CpuUsageRate(%)']
2022-08-23 17:00,2022-08-23 13:47,"[{'events': '187_52', 'score': 1.0, 'deepth': 5, 'pod': 'emailservice-55fdc5b988-f6xth', 'resource_alert': 'CpuUsageRate(%)', 'events_actual': '187_197'}, {'events': '23_100', 'score': 0.725, 'deepth': 3, 'pod': 'currencyservice-cf787dd48-vpjrd'}, {'events': '24_100', 'score': 0.7, 'deepth': 3, 'pod': 'currencyservice-cf787dd48-vpjrd'}]",2022-08-23 13:45:53,emailservice-55fdc5b988-f6xth,cpu_contention,['CpuUsageRate(%)']
2022-08-23 17:00,2022-08-23 13:55,"[{'events': '187_52', 'score': 1.0, 'deepth': 5, 'pod': 'emailservice-55fdc5b988-f6xth', 'events_actual': '187_199'}, {'events': '24_100', 'score': 0.7, 'deepth': 3, 'pod': 'currencyservice-cf787dd48-vpjrd'}, {'events': '23_100', 'score': 0.6904761904761905, 'deepth': 3, 'pod': 'currencyservice-cf787dd48-vpjrd'}]",2022-08-23 13:54:37,emailservice-55fdc5b988-f6xth,network_delay,['NetworkP90(ms)']
2022-08-23 17:00,2022-08-23 13:56,"[{'events': '187_52', 'score': 1.0, 'deepth': 5, 'pod': 'emailservice-55fdc5b988-f6xth', 'events_actual': '187_199'}, {'events': '24_100', 'score': 0.7, 'deepth': 3, 'pod': 'currencyservice-cf787dd48-vpjrd'}]",2022-08-23 13:54:37,emailservice-55fdc5b988-f6xth,network_delay,['NetworkP90(ms)']
2022-08-23 17:00,2022-08-23 14:04,"[{'events': '187_52', 'score': 1.0, 'deepth': 5, 'pod': 'emailservice-55fdc5b988-f6xth', 'resource_alert': 'CpuUsageRate(%)', 'events_actual': '187_197'}, {'events': '23_100', 'score': 0.7073170731707317, 'deepth': 3, 'pod': 'currencyservice-cf787dd48-vpjrd'}]",2022-08-23 14:03:48,emailservice-55fdc5b988-f6xth,cpu_consumed,['CpuUsageRate(%)']
2022-08-23 17:00,2022-08-23 14:05,"[{'events': '187_52', 'score': 1.0, 'deepth': 5, 'pod': 'emailservice-55fdc5b988-f6xth', 'resource_alert': 'CpuUsageRate(%)', 'events_actual': '187_197'}]",2022-08-23 14:03:48,emailservice-55fdc5b988-f6xth,cpu_consumed,['CpuUsageRate(%)']
2022-08-23 17:00,2022-08-23 14:13,"[{'events': '165_48', 'score': 1.0, 'deepth': 5, 'pod': 'paymentservice-9cdb6588f-554sm', 'events_actual': '165_199'}, {'events': '24_100', 'score': 0.7, 'deepth': 3, 'pod': 'currencyservice-cf787dd48-vpjrd'}]",2022-08-23 14:12:52,paymentservice-9cdb6588f-554sm,network_delay,['NetworkP90(ms)']
2022-08-23 17:00,2022-08-23 14:14,"[{'events': '165_48', 'score': 1.0, 'deepth': 5, 'pod': 'paymentservice-9cdb6588f-554sm', 'events_actual': '165_199'}, {'events': '23_100', 'score': 0.725, 'deepth': 3, 'pod': 'currencyservice-cf787dd48-vpjrd'}]",2022-08-23 14:12:52,paymentservice-9cdb6588f-554sm,network_delay,['NetworkP90(ms)']
2022-08-23 17:00,2022-08-23 14:22,"[{'events': '165_48', 'score': 1.0, 'deepth': 5, 'pod': 'paymentservice-9cdb6588f-554sm', 'resource_alert': 'CpuUsageRate(%)', 'events_actual': '165_197'}, {'events': '23_100', 'score': 0.7073170731707317, 'deepth': 3, 'pod': 'currencyservice-cf787dd48-vpjrd'}, {'events': '24_100', 'score': 0.7, 'deepth': 3, 'pod': 'currencyservice-cf787dd48-vpjrd'}]",2022-08-23 14:21:54,paymentservice-9cdb6588f-554sm,cpu_contention,['CpuUsageRate(%)']
2022-08-23 17:00,2022-08-23 14:23,"[{'events': '165_48', 'score': 1.0, 'deepth': 5, 'pod': 'paymentservice-9cdb6588f-554sm', 'resource_alert': 'CpuUsageRate(%)', 'events_actual': '165_197'}, {'events': '23_100', 'score': 0.6744186046511628, 'deepth': 3, 'pod': 'currencyservice-cf787dd48-vpjrd'}]",2022-08-23 14:21:54,paymentservice-9cdb6588f-554sm,cpu_contention,['CpuUsageRate(%)']
2022-08-23 17:00,2022-08-23 14:31,[],2022-08-23 14:30:10,productcatalogservice-668d5f85fb-jhwx9,network_delay,['NetworkP90(ms)']
2022-08-23 17:00,2022-08-23 14:32,"[{'events': '24_100', 'score': 0.7, 'deepth': 3, 'pod': 'currencyservice-cf787dd48-vpjrd'}]",2022-08-23 14:30:10,productcatalogservice-668d5f85fb-jhwx9,network_delay,['NetworkP90(ms)']
2022-08-23 17:00,2022-08-23 14:48,"[{'events': '198_120', 'score': 0.81, 'deepth': 4, 'pod': 'adservice-5f6585d649-fnmft', 'resource_alert': 'MemoryUsageRate(%)'}, {'events': '28_119', 'score': 0.81, 'deepth': 4, 'pod': 'adservice-5f6585d649-fnmft', 'resource_alert': 'MemoryUsageRate(%)'}, {'events': '18_17', 'score': 0.81, 'deepth': 1, 'pod': 'frontend-579b9bff58-t2dbm', 'events_actual': '18_192'}, {'events': '18_80', 'score': 0.81, 'deepth': 1, 'pod': 'frontend-579b9bff58-t2dbm', 'events_actual': '18_192'}, {'events': '18_82', 'score': 0.81, 'deepth': 1, 'pod': 'frontend-579b9bff58-t2dbm', 'events_actual': '18_192'}, {'events': '18_84', 'score': 0.81, 'deepth': 1, 'pod': 'frontend-579b9bff58-t2dbm', 'events_actual': '18_192'}, {'events': '18_86', 'score': 0.81, 'deepth': 1, 'pod': 'frontend-579b9bff58-t2dbm', 'events_actual': '18_192'}, {'events': '16_15', 'score': 0.81, 'deepth': 1, 'pod': 'frontend-579b9bff58-t2dbm'}, {'events': '120_198', 'score': 0.7904040404040404, 'deepth': 4, 'pod': 'adservice-5f6585d649-fnmft', 'resource_alert': 'MemoryUsageRate(%)'}, {'events': '27_26', 'score': 0.7904040404040404, 'deepth': 4, 'pod': 'adservice-5f6585d649-fnmft', 'resource_alert': 'MemoryUsageRate(%)'}]",2022-08-23 14:47:40,productcatalogservice-668d5f85fb-jhwx9,return,"['Query product with name', 'Query product successfully']"
2022-08-23 17:00,2022-08-23 14:49,"[{'events': '8_214', 'score': 1.0, 'deepth': 7, 'pod': 'productcatalogservice-668d5f85fb-jhwx9', 'events_actual': '8_207'}, {'events': '69_158', 'score': 1.0, 'deepth': 5, 'pod': 'checkoutservice-578fcf4766-9csqn', 'events_actual': '69_206'}, {'events': '120_198', 'score': 1.0, 'deepth': 4, 'pod': 'adservice-5f6585d649-fnmft', 'resource_alert': 'MemoryUsageRate(%)'}, {'events': '27_26', 'score': 1.0, 'deepth': 4, 'pod': 'adservice-5f6585d649-fnmft', 'resource_alert': 'MemoryUsageRate(%)'}, {'events': '28_119', 'score': 1.0, 'deepth': 4, 'pod': 'adservice-5f6585d649-fnmft', 'resource_alert': 'MemoryUsageRate(%)'}, {'events': '28_120', 'score': 1.0, 'deepth': 4, 'pod': 'adservice-5f6585d649-fnmft', 'resource_alert': 'MemoryUsageRate(%)'}, {'events': '24_100', 'score': 1.0, 'deepth': 3, 'pod': 'currencyservice-cf787dd48-vpjrd'}, {'events': '38_84', 'score': 1.0, 'deepth': 1, 'pod': 'frontend-579b9bff58-t2dbm', 'events_actual': '38_195'}, {'events': '18_17', 'score': 1.0, 'deepth': 1, 'pod': 'frontend-579b9bff58-t2dbm', 'events_actual': '18_192'}, {'events': '18_80', 'score': 1.0, 'deepth': 1, 'pod': 'frontend-579b9bff58-t2dbm', 'events_actual': '18_192'}]",2022-08-23 14:47:40,productcatalogservice-668d5f85fb-jhwx9,return,"['Query product with name', 'Query product successfully']"
2022-08-23 17:00,2022-08-23 14:56,"[{'events': '90_8', 'score': 1.0, 'deepth': 6, 'pod': 'productcatalogservice-668d5f85fb-jhwx9', 'resource_alert': 'CpuUsageRate(%)', 'events_actual': '90_197'}, {'events': '114_12', 'score': 1.0, 'deepth': 6, 'pod': 'productcatalogservice-668d5f85fb-jhwx9', 'resource_alert': 'CpuUsageRate(%)', 'events_actual': '114_197'}, {'events': '112_13', 'score': 1.0, 'deepth': 5, 'pod': 'productcatalogservice-668d5f85fb-jhwx9', 'resource_alert': 'CpuUsageRate(%)', 'events_actual': '112_197'}, {'events': '92_14', 'score': 1.0, 'deepth': 4, 'pod': 'productcatalogservice-668d5f85fb-jhwx9', 'resource_alert': 'CpuUsageRate(%)', 'events_actual': '92_197'}]",2022-08-23 14:55:55,productcatalogservice-668d5f85fb-jhwx9,cpu_consumed,['CpuUsageRate(%)']
2022-08-23 17:00,2022-08-23 14:57,"[{'events': '90_8', 'score': 1.0, 'deepth': 6, 'pod': 'productcatalogservice-668d5f85fb-jhwx9', 'resource_alert': 'CpuUsageRate(%)', 'events_actual': '90_197'}, {'events': '114_12', 'score': 1.0, 'deepth': 6, 'pod': 'productcatalogservice-668d5f85fb-jhwx9', 'resource_alert': 'CpuUsageRate(%)', 'events_actual': '114_197'}, {'events': '112_13', 'score': 1.0, 'deepth': 5, 'pod': 'productcatalogservice-668d5f85fb-jhwx9', 'resource_alert': 'CpuUsageRate(%)', 'events_actual': '112_197'}, {'events': '92_14', 'score': 1.0, 'deepth': 4, 'pod': 'productcatalogservice-668d5f85fb-jhwx9', 'resource_alert': 'CpuUsageRate(%)', 'events_actual': '92_197'}]",2022-08-23 14:55:55,productcatalogservice-668d5f85fb-jhwx9,cpu_consumed,['CpuUsageRate(%)']
2022-08-23 17:00,2022-08-23 15:05,"[{'events': '38_84', 'score': 0.9831081081081081, 'deepth': 1, 'pod': 'frontend-579b9bff58-t2dbm', 'events_actual': '38_195'}, {'events': '38_37', 'score': 0.9805825242718447, 'deepth': 1, 'pod': 'frontend-579b9bff58-t2dbm', 'events_actual': '38_195'}, {'events': '38_124', 'score': 0.9805825242718447, 'deepth': 1, 'pod': 'frontend-579b9bff58-t2dbm', 'events_actual': '38_195'}, {'events': '198_120', 'score': 0.9759036144578314, 'deepth': 4, 'pod': 'adservice-5f6585d649-fnmft', 'resource_alert': 'MemoryUsageRate(%)'}, {'events': '28_119', 'score': 0.9759036144578314, 'deepth': 4, 'pod': 'adservice-5f6585d649-fnmft', 'resource_alert': 'MemoryUsageRate(%)'}, {'events': '18_17', 'score': 0.9759036144578314, 'deepth': 1, 'pod': 'frontend-579b9bff58-t2dbm', 'events_actual': '18_192'}, {'events': '18_80', 'score': 0.9759036144578314, 'deepth': 1, 'pod': 'frontend-579b9bff58-t2dbm', 'events_actual': '18_192'}, {'events': '18_82', 'score': 0.9759036144578314, 'deepth': 1, 'pod': 'frontend-579b9bff58-t2dbm', 'events_actual': '18_192'}, {'events': '18_84', 'score': 0.9759036144578314, 'deepth': 1, 'pod': 'frontend-579b9bff58-t2dbm', 'events_actual': '18_192'}, {'events': '18_86', 'score': 0.9759036144578314, 'deepth': 1, 'pod': 'frontend-579b9bff58-t2dbm', 'events_actual': '18_192'}]",2022-08-23 15:04:28,productcatalogservice-668d5f85fb-jhwx9,exception,"['Query product with name', 'Query product successfully']"
2022-08-23 17:00,2022-08-23 15:06,"[{'events': '8_214', 'score': 1.0, 'deepth': 7, 'pod': 'productcatalogservice-668d5f85fb-jhwx9', 'events_actual': '8_193'}, {'events': '69_158', 'score': 1.0, 'deepth': 5, 'pod': 'checkoutservice-578fcf4766-9csqn', 'events_actual': '69_206'}, {'events': '120_198', 'score': 1.0, 'deepth': 4, 'pod': 'adservice-5f6585d649-fnmft', 'resource_alert': 'MemoryUsageRate(%)'}, {'events': '27_26', 'score': 1.0, 'deepth': 4, 'pod': 'adservice-5f6585d649-fnmft', 'resource_alert': 'MemoryUsageRate(%)'}, {'events': '28_119', 'score': 1.0, 'deepth': 4, 'pod': 'adservice-5f6585d649-fnmft', 'resource_alert': 'MemoryUsageRate(%)'}, {'events': '28_120', 'score': 1.0, 'deepth': 4, 'pod': 'adservice-5f6585d649-fnmft', 'resource_alert': 'MemoryUsageRate(%)'}, {'events': '38_84', 'score': 1.0, 'deepth': 1, 'pod': 'frontend-579b9bff58-t2dbm', 'events_actual': '38_195'}, {'events': '18_17', 'score': 1.0, 'deepth': 1, 'pod': 'frontend-579b9bff58-t2dbm', 'events_actual': '18_192'}, {'events': '18_80', 'score': 1.0, 'deepth': 1, 'pod': 'frontend-579b9bff58-t2dbm', 'events_actual': '18_192'}, {'events': '18_82', 'score': 1.0, 'deepth': 1, 'pod': 'frontend-579b9bff58-t2dbm', 'events_actual': '18_192'}]",2022-08-23 15:04:28,productcatalogservice-668d5f85fb-jhwx9,exception,"['Query product with name', 'Query product successfully']"
2022-08-23 17:00,2022-08-23 15:13,"[{'events': '108_7', 'score': 1.0, 'deepth': 2, 'pod': 'recommendationservice-6cfdd55578-gfj6q', 'events_actual': '108_199'}, {'events': '23_100', 'score': 0.6744186046511628, 'deepth': 3, 'pod': 'currencyservice-cf787dd48-vpjrd'}]",2022-08-23 15:12:49,recommendationservice-6cfdd55578-gfj6q,network_delay,['NetworkP90(ms)']
2022-08-23 17:00,2022-08-23 15:14,"[{'events': '108_7', 'score': 1.0, 'deepth': 2, 'pod': 'recommendationservice-6cfdd55578-gfj6q', 'events_actual': '108_199'}]",2022-08-23 15:12:49,recommendationservice-6cfdd55578-gfj6q,network_delay,['NetworkP90(ms)']
2022-08-23 17:00,2022-08-23 15:22,"[{'events': '108_7', 'score': 1.0, 'deepth': 2, 'pod': 'recommendationservice-6cfdd55578-gfj6q', 'resource_alert': 'CpuUsageRate(%)', 'events_actual': '108_197'}]",2022-08-23 15:21:41,recommendationservice-6cfdd55578-gfj6q,cpu_contention,['CpuUsageRate(%)']
2022-08-23 17:00,2022-08-23 15:23,"[{'events': '108_7', 'score': 1.0, 'deepth': 2, 'pod': 'recommendationservice-6cfdd55578-gfj6q', 'resource_alert': 'CpuUsageRate(%)', 'events_actual': '108_197'}, {'events': '24_100', 'score': 0.7368421052631579, 'deepth': 3, 'pod': 'currencyservice-cf787dd48-vpjrd'}]",2022-08-23 15:21:41,recommendationservice-6cfdd55578-gfj6q,cpu_contention,['CpuUsageRate(%)']
2022-08-23 17:00,2022-08-23 15:30,"[{'events': '108_7', 'score': 1.0, 'deepth': 2, 'pod': 'recommendationservice-6cfdd55578-gfj6q', 'resource_alert': 'CpuUsageRate(%)', 'events_actual': '108_197'}, {'events': '24_100', 'score': 0.7368421052631579, 'deepth': 3, 'pod': 'currencyservice-cf787dd48-vpjrd'}]",2022-08-23 15:29:49,recommendationservice-6cfdd55578-gfj6q,cpu_consumed,['CpuUsageRate(%)']
2022-08-23 17:00,2022-08-23 15:31,"[{'events': '108_7', 'score': 1.0, 'deepth': 2, 'pod': 'recommendationservice-6cfdd55578-gfj6q', 'resource_alert': 'CpuUsageRate(%)', 'events_actual': '108_197'}, {'events': '24_100', 'score': 0.7777777777777778, 'deepth': 3, 'pod': 'currencyservice-cf787dd48-vpjrd'}, {'events': '69_146', 'score': 0.7666666666666667, 'deepth': 5, 'pod': 'checkoutservice-578fcf4766-9csqn'}, {'events': '69_158', 'score': 0.7666666666666667, 'deepth': 5, 'pod': 'checkoutservice-578fcf4766-9csqn'}, {'events': '4_50', 'score': 0.6923076923076923, 'deepth': 1, 'pod': 'frontend-579b9bff58-t2dbm'}, {'events': '28_208', 'score': 0.675, 'deepth': 4, 'pod': 'adservice-5f6585d649-fnmft', 'resource_alert': 'MemoryUsageRate(%)'}, {'events': '136_198', 'score': 0.675, 'deepth': 4, 'pod': 'adservice-5f6585d649-fnmft', 'resource_alert': 'MemoryUsageRate(%)'}, {'events': '27_137', 'score': 0.675, 'deepth': 4, 'pod': 'adservice-5f6585d649-fnmft', 'resource_alert': 'MemoryUsageRate(%)'}, {'events': '4_42', 'score': 0.675, 'deepth': 1, 'pod': 'frontend-579b9bff58-t2dbm'}, {'events': '16_41', 'score': 0.675, 'deepth': 1, 'pod': 'frontend-579b9bff58-t2dbm'}]",2022-08-23 15:29:49,recommendationservice-6cfdd55578-gfj6q,cpu_consumed,['CpuUsageRate(%)']
2022-08-23 17:00,2022-08-23 15:39,"[{'events': '130_34', 'score': 1.0, 'deepth': 8, 'pod': 'shippingservice-7b598fc7d-lmggd', 'events_actual': '130_199'}, {'events': '132_32', 'score': 1.0, 'deepth': 8, 'pod': 'shippingservice-7b598fc7d-lmggd', 'events_actual': '132_199'}, {'events': '128_35', 'score': 1.0, 'deepth': 7, 'pod': 'shippingservice-7b598fc7d-lmggd', 'events_actual': '128_199'}, {'events': '126_36', 'score': 1.0, 'deepth': 6, 'pod': 'shippingservice-7b598fc7d-lmggd', 'events_actual': '126_199'}, {'events': '185_46', 'score': 1.0, 'deepth': 5, 'pod': 'shippingservice-7b598fc7d-lmggd', 'events_actual': '185_199'}, {'events': '24_100', 'score': 0.7, 'deepth': 3, 'pod': 'currencyservice-cf787dd48-vpjrd'}]",2022-08-23 15:38:52,shippingservice-7b598fc7d-lmggd,network_delay,['NetworkP90(ms)']
2022-08-23 17:00,2022-08-23 15:40,"[{'events': '130_34', 'score': 1.0, 'deepth': 8, 'pod': 'shippingservice-7b598fc7d-lmggd', 'events_actual': '130_199'}, {'events': '132_32', 'score': 1.0, 'deepth': 8, 'pod': 'shippingservice-7b598fc7d-lmggd', 'events_actual': '132_199'}, {'events': '128_35', 'score': 1.0, 'deepth': 7, 'pod': 'shippingservice-7b598fc7d-lmggd', 'events_actual': '128_199'}, {'events': '126_36', 'score': 1.0, 'deepth': 6, 'pod': 'shippingservice-7b598fc7d-lmggd', 'events_actual': '126_199'}, {'events': '185_46', 'score': 1.0, 'deepth': 5, 'pod': 'shippingservice-7b598fc7d-lmggd', 'events_actual': '185_199'}, {'events': '24_100', 'score': 0.8235294117647058, 'deepth': 3, 'pod': 'currencyservice-cf787dd48-vpjrd'}]",2022-08-23 15:38:52,shippingservice-7b598fc7d-lmggd,network_delay,['NetworkP90(ms)']
2022-08-23 17:00,2022-08-23 15:48,"[{'events': '130_34', 'score': 1.0, 'deepth': 8, 'pod': 'shippingservice-7b598fc7d-lmggd', 'resource_alert': 'CpuUsageRate(%)', 'events_actual': '130_197'}, {'events': '132_32', 'score': 1.0, 'deepth': 8, 'pod': 'shippingservice-7b598fc7d-lmggd', 'resource_alert': 'CpuUsageRate(%)', 'events_actual': '132_197'}, {'events': '128_35', 'score': 1.0, 'deepth': 7, 'pod': 'shippingservice-7b598fc7d-lmggd', 'resource_alert': 'CpuUsageRate(%)', 'events_actual': '128_197'}, {'events': '126_36', 'score': 1.0, 'deepth': 6, 'pod': 'shippingservice-7b598fc7d-lmggd', 'resource_alert': 'CpuUsageRate(%)', 'events_actual': '126_197'}, {'events': '185_46', 'score': 1.0, 'deepth': 5, 'pod': 'shippingservice-7b598fc7d-lmggd', 'resource_alert': 'CpuUsageRate(%)', 'events_actual': '185_197'}]",2022-08-23 15:47:43,shippingservice-7b598fc7d-lmggd,cpu_contention,['CpuUsageRate(%)']
2022-08-23 17:00,2022-08-23 15:49,"[{'events': '130_34', 'score': 1.0, 'deepth': 8, 'pod': 'shippingservice-7b598fc7d-lmggd', 'resource_alert': 'CpuUsageRate(%)', 'events_actual': '130_197'}, {'events': '132_32', 'score': 1.0, 'deepth': 8, 'pod': 'shippingservice-7b598fc7d-lmggd', 'resource_alert': 'CpuUsageRate(%)', 'events_actual': '132_197'}, {'events': '128_35', 'score': 1.0, 'deepth': 7, 'pod': 'shippingservice-7b598fc7d-lmggd', 'resource_alert': 'CpuUsageRate(%)', 'events_actual': '128_197'}, {'events': '126_36', 'score': 1.0, 'deepth': 6, 'pod': 'shippingservice-7b598fc7d-lmggd', 'resource_alert': 'CpuUsageRate(%)', 'events_actual': '126_197'}, {'events': '185_46', 'score': 1.0, 'deepth': 5, 'pod': 'shippingservice-7b598fc7d-lmggd', 'resource_alert': 'CpuUsageRate(%)', 'events_actual': '185_197'}]",2022-08-23 15:47:43,shippingservice-7b598fc7d-lmggd,cpu_contention,['CpuUsageRate(%)']
2022-08-23 17:00,2022-08-23 15:57,"[{'events': '130_34', 'score': 1.0, 'deepth': 8, 'pod': 'shippingservice-7b598fc7d-lmggd', 'resource_alert': 'CpuUsageRate(%)', 'events_actual': '130_197'}, {'events': '132_32', 'score': 1.0, 'deepth': 8, 'pod': 'shippingservice-7b598fc7d-lmggd', 'resource_alert': 'CpuUsageRate(%)', 'events_actual': '132_197'}, {'events': '128_35', 'score': 1.0, 'deepth': 7, 'pod': 'shippingservice-7b598fc7d-lmggd', 'resource_alert': 'CpuUsageRate(%)', 'events_actual': '128_197'}, {'events': '126_36', 'score': 1.0, 'deepth': 6, 'pod': 'shippingservice-7b598fc7d-lmggd', 'resource_alert': 'CpuUsageRate(%)', 'events_actual': '126_197'}, {'events': '185_46', 'score': 1.0, 'deepth': 5, 'pod': 'shippingservice-7b598fc7d-lmggd', 'resource_alert': 'CpuUsageRate(%)', 'events_actual': '185_197'}]",2022-08-23 15:56:24,shippingservice-7b598fc7d-lmggd,cpu_consumed,['CpuUsageRate(%)']
2022-08-23 17:00,2022-08-23 15:58,"[{'events': '130_34', 'score': 1.0, 'deepth': 8, 'pod': 'shippingservice-7b598fc7d-lmggd', 'resource_alert': 'CpuUsageRate(%)', 'events_actual': '130_197'}, {'events': '132_32', 'score': 1.0, 'deepth': 8, 'pod': 'shippingservice-7b598fc7d-lmggd', 'resource_alert': 'CpuUsageRate(%)', 'events_actual': '132_197'}, {'events': '128_35', 'score': 1.0, 'deepth': 7, 'pod': 'shippingservice-7b598fc7d-lmggd', 'resource_alert': 'CpuUsageRate(%)', 'events_actual': '128_197'}, {'events': '126_36', 'score': 1.0, 'deepth': 6, 'pod': 'shippingservice-7b598fc7d-lmggd', 'resource_alert': 'CpuUsageRate(%)', 'events_actual': '126_197'}, {'events': '185_46', 'score': 1.0, 'deepth': 5, 'pod': 'shippingservice-7b598fc7d-lmggd', 'resource_alert': 'CpuUsageRate(%)', 'events_actual': '185_197'}]",2022-08-23 15:56:24,shippingservice-7b598fc7d-lmggd,cpu_consumed,['CpuUsageRate(%)']
2022-08-23 17:00,2022-08-23 16:06,[],2022-08-23 16:05:02,adservice-5f6585d649-fnmft,network_delay,['NetworkP90(ms)']
2022-08-23 17:00,2022-08-23 16:07,"[{'events': '24_100', 'score': 0.7, 'deepth': 3, 'pod': 'currencyservice-cf787dd48-vpjrd'}, {'events': '23_100', 'score': 0.6744186046511628, 'deepth': 3, 'pod': 'currencyservice-cf787dd48-vpjrd'}]",2022-08-23 16:05:02,adservice-5f6585d649-fnmft,network_delay,['NetworkP90(ms)']
2022-08-23 17:00,2022-08-23 16:14,"[{'events': '28_208', 'score': 0.6835443037974683, 'deepth': 4, 'pod': 'adservice-5f6585d649-fnmft', 'resource_alert': 'MemoryUsageRate(%)'}, {'events': '136_198', 'score': 0.6835443037974683, 'deepth': 4, 'pod': 'adservice-5f6585d649-fnmft', 'resource_alert': 'MemoryUsageRate(%)'}, {'events': '27_137', 'score': 0.6835443037974683, 'deepth': 4, 'pod': 'adservice-5f6585d649-fnmft', 'resource_alert': 'MemoryUsageRate(%)'}, {'events': '16_41', 'score': 0.6835443037974683, 'deepth': 1, 'pod': 'frontend-579b9bff58-t2dbm'}]",2022-08-23 16:13:38,adservice-5f6585d649-fnmft,return,"['Received ad request', 'No context provided']"
2022-08-23 17:00,2022-08-23 16:15,"[{'events': '28_208', 'score': 1.0, 'deepth': 4, 'pod': 'adservice-5f6585d649-fnmft', 'resource_alert': 'MemoryUsageRate(%)'}, {'events': '136_198', 'score': 1.0, 'deepth': 4, 'pod': 'adservice-5f6585d649-fnmft', 'resource_alert': 'MemoryUsageRate(%)'}, {'events': '27_137', 'score': 1.0, 'deepth': 4, 'pod': 'adservice-5f6585d649-fnmft', 'resource_alert': 'MemoryUsageRate(%)'}, {'events': '16_41', 'score': 1.0, 'deepth': 1, 'pod': 'frontend-579b9bff58-t2dbm'}]",2022-08-23 16:13:38,adservice-5f6585d649-fnmft,return,"['Received ad request', 'No context provided']"
2022-08-23 17:00,2022-08-23 16:23,[],2022-08-23 16:22:53,adservice-5f6585d649-fnmft,exception,"['Received ad request', 'No context provided']"
2022-08-23 17:00,2022-08-23 16:24,"[{'events': '28_208', 'score': 1.0, 'deepth': 4, 'pod': 'adservice-5f6585d649-fnmft', 'resource_alert': 'MemoryUsageRate(%)'}, {'events': '136_198', 'score': 1.0, 'deepth': 4, 'pod': 'adservice-5f6585d649-fnmft', 'resource_alert': 'MemoryUsageRate(%)'}, {'events': '27_137', 'score': 1.0, 'deepth': 4, 'pod': 'adservice-5f6585d649-fnmft', 'resource_alert': 'MemoryUsageRate(%)'}, {'events': '16_41', 'score': 1.0, 'deepth': 1, 'pod': 'frontend-579b9bff58-t2dbm'}]",2022-08-23 16:22:53,adservice-5f6585d649-fnmft,exception,"['Received ad request', 'No context provided']"
2022-08-23 17:00,2022-08-23 16:32,"[{'events': '120_198', 'score': 1.0, 'deepth': 4, 'pod': 'adservice-5f6585d649-fnmft', 'resource_alert': 'CpuUsageRate(%)'}, {'events': '136_198', 'score': 1.0, 'deepth': 4, 'pod': 'adservice-5f6585d649-fnmft', 'resource_alert': 'CpuUsageRate(%)'}, {'events': '118_198', 'score': 1.0, 'deepth': 3, 'pod': 'adservice-5f6585d649-fnmft', 'resource_alert': 'CpuUsageRate(%)'}, {'events': '16_41', 'score': 0.6835443037974683, 'deepth': 1, 'pod': 'frontend-579b9bff58-t2dbm'}]",2022-08-23 16:31:35,adservice-5f6585d649-fnmft,cpu_contention,['CpuUsageRate(%)']
2022-08-23 17:00,2022-08-23 16:33,"[{'events': '120_198', 'score': 1.0, 'deepth': 4, 'pod': 'adservice-5f6585d649-fnmft', 'resource_alert': 'CpuUsageRate(%)'}, {'events': '136_198', 'score': 1.0, 'deepth': 4, 'pod': 'adservice-5f6585d649-fnmft', 'resource_alert': 'CpuUsageRate(%)'}, {'events': '118_198', 'score': 1.0, 'deepth': 3, 'pod': 'adservice-5f6585d649-fnmft', 'resource_alert': 'CpuUsageRate(%)'}, {'events': '24_100', 'score': 0.8235294117647058, 'deepth': 3, 'pod': 'currencyservice-cf787dd48-vpjrd'}, {'events': '16_41', 'score': 0.8059701492537313, 'deepth': 1, 'pod': 'frontend-579b9bff58-t2dbm'}, {'events': '17_16', 'score': 0.6988235294117647, 'deepth': 1, 'pod': 'frontend-579b9bff58-t2dbm', 'events_actual': '17_190'}, {'events': '23_100', 'score': 0.6904761904761905, 'deepth': 3, 'pod': 'currencyservice-cf787dd48-vpjrd'}]",2022-08-23 16:31:35,adservice-5f6585d649-fnmft,cpu_contention,['CpuUsageRate(%)']
2022-08-23 17:00,2022-08-23 16:41,"[{'events': '120_198', 'score': 1.0, 'deepth': 4, 'pod': 'adservice-5f6585d649-fnmft', 'resource_alert': 'CpuUsageRate(%)'}, {'events': '136_198', 'score': 1.0, 'deepth': 4, 'pod': 'adservice-5f6585d649-fnmft', 'resource_alert': 'CpuUsageRate(%)'}, {'events': '118_198', 'score': 1.0, 'deepth': 3, 'pod': 'adservice-5f6585d649-fnmft', 'resource_alert': 'CpuUsageRate(%)'}]",2022-08-23 16:40:57,adservice-5f6585d649-fnmft,cpu_consumed,['CpuUsageRate(%)']
2022-08-23 17:00,2022-08-23 16:42,"[{'events': '120_198', 'score': 1.0, 'deepth': 4, 'pod': 'adservice-5f6585d649-fnmft', 'resource_alert': 'CpuUsageRate(%)'}, {'events': '136_198', 'score': 1.0, 'deepth': 4, 'pod': 'adservice-5f6585d649-fnmft', 'resource_alert': 'CpuUsageRate(%)'}, {'events': '118_198', 'score': 1.0, 'deepth': 3, 'pod': 'adservice-5f6585d649-fnmft', 'resource_alert': 'CpuUsageRate(%)'}]",2022-08-23 16:40:57,adservice-5f6585d649-fnmft,cpu_consumed,['CpuUsageRate(%)']
